timestamps,open,high,low,close,volume,amount
2025-07-13 19:00:00 UTC,118992.73,119488.0,118897.44,118961.08,601.53222,71558922.5459976
2025-07-13 20:00:00 UTC,118961.09,119367.37,118826.0,119083.6,290.26988,34566382.281968005
2025-07-13 21:00:00 UTC,119083.6,119083.6,118500.01,118648.87,421.07599,49960190.397631295
2025-07-13 22:00:00 UTC,118648.86,118774.64,118243.68,118520.01,584.71541,69300476.2403541
2025-07-13 23:00:00 UTC,118520.01,119198.0,118386.55,119086.64,364.38555,43393450.814052
2025-07-14 00:00:00 UTC,119086.65,119470.54,118916.17,119061.4,538.61781,64128590.52353399
2025-07-14 01:00:00 UTC,119061.4,119238.1,118905.18,119100.58,349.35207,41608034.161200605
2025-07-14 02:00:00 UTC,119100.58,119999.0,118969.56,119647.88,1311.09415,156869635.527902
2025-07-14 03:00:00 UTC,119647.88,121492.48,119592.7,120750.24,3219.468856,388751637.03452545
2025-07-14 04:00:00 UTC,120750.25,121438.27,120557.63,121400.0,1343.86331,163145005.834
2025-07-14 05:00:00 UTC,121400.0,122666.0,121129.0,122461.99,2704.498689,331198291.4073311
2025-07-14 06:00:00 UTC,122461.99,122465.3,122017.81,122130.99,1146.85917,140067045.8226783
2025-07-14 07:00:00 UTC,122130.99,123218.0,122100.0,122736.04,1786.579052,219277637.98943406
2025-07-14 08:00:00 UTC,122736.04,122769.19,122300.0,122578.0,851.02194,104316567.36132
2025-07-14 09:00:00 UTC,122578.01,122582.97,121888.44,121973.74,929.42357,113365268.87705182
2025-07-14 10:00:00 UTC,121973.74,122130.65,121628.47,121905.48,742.89705,90563221.470834
2025-07-14 11:00:00 UTC,121905.48,121905.48,121355.55,121467.24,755.99271,91828347.9438204
2025-07-14 12:00:00 UTC,121467.23,121945.63,121400.01,121918.0,930.72081,113471619.71358
2025-07-14 13:00:00 UTC,121918.01,122120.0,121188.0,121710.64,1151.85025,140192431.11166
2025-07-14 14:00:00 UTC,121710.64,121990.42,120600.0,121158.89,1855.94127,224863784.1783903
2025-07-14 15:00:00 UTC,121158.88,121176.26,119611.7,119878.23,2109.20019,252847185.49286368
2025-07-14 16:00:00 UTC,119878.22,120299.58,119202.0,120268.87,1443.04559,173553462.46778327
2025-07-14 17:00:00 UTC,120268.88,120526.03,119769.4,119896.42,1173.36404,140682147.75273678
2025-07-14 18:00:00 UTC,119896.42,120192.73,119632.0,119644.94,812.38191,97197384.8790354
2025-07-14 19:00:00 UTC,119644.93,120103.31,119610.92,119939.41,698.45342,83772091.1072822
2025-07-14 20:00:00 UTC,119939.42,120447.0,119522.72,120167.07,552.37318,66377066.58718261
2025-07-14 21:00:00 UTC,120167.06,120244.5,119827.34,120034.98,290.33134,34849916.5902732
2025-07-14 22:00:00 UTC,120034.97,120300.0,119924.0,120057.01,297.55117,35723103.7922017
2025-07-14 23:00:00 UTC,120057.01,120057.01,119766.05,119841.18,274.46733,32892488.6986494
2025-07-15 00:00:00 UTC,119841.17,119940.83,119110.0,119497.92,646.74195,77284317.801744
2025-07-15 01:00:00 UTC,119497.93,119537.22,118352.09,118431.71,1780.21194,210833544.2166174
2025-07-15 02:00:00 UTC,118431.71,118855.56,117827.46,118251.05,1830.73981,216486904.8093005
2025-07-15 03:00:00 UTC,118251.04,118251.04,116840.01,117148.47,2365.70802,277139075.0097294
2025-07-15 04:00:00 UTC,117148.46,117511.33,116250.0,117480.48,1853.98992,217807625.7167616
2025-07-15 05:00:00 UTC,117480.48,117765.4,116962.97,117335.12,1161.25519,136256017.06927282
2025-07-15 06:00:00 UTC,117335.12,117335.12,116766.0,117070.54,1050.33694,122963512.74774759
2025-07-15 07:00:00 UTC,117070.54,117270.86,116400.0,116779.12,1413.2237,165035020.049144
2025-07-15 08:00:00 UTC,116779.13,116862.02,116300.0,116777.47,1086.30795,126856294.0418865
2025-07-15 09:00:00 UTC,116777.47,117224.08,116711.67,116779.99,920.92254,107545325.0119746
2025-07-15 10:00:00 UTC,116780.0,117198.21,116744.48,117016.48,853.89059,99919271.1469232
2025-07-15 11:00:00 UTC,117016.49,117161.52,116338.3,117113.98,751.22184,87978579.54532321
2025-07-15 12:00:00 UTC,117113.98,117466.52,116417.0,117204.18,1464.86775,171688623.44719496
2025-07-15 13:00:00 UTC,117204.18,118490.71,117157.25,118088.13,2210.06348,260982263.53449237
2025-07-15 14:00:00 UTC,118088.13,118458.31,115736.92,116008.19,2687.57274,311780449.0607406
2025-07-15 15:00:00 UTC,116008.2,116750.0,115800.0,116391.43,2299.77308,267673877.45670438
2025-07-15 16:00:00 UTC,116391.43,117800.6,116362.97,117188.01,1624.68167,190393211.79077667
2025-07-15 17:00:00 UTC,117188.0,117538.46,117140.0,117372.99,995.72856,116871638.3155944
2025-07-15 18:00:00 UTC,117373.0,117380.0,116019.05,116719.55,1721.15939,200892949.4790745
2025-07-15 19:00:00 UTC,116719.55,117204.5,116282.38,116416.07,1053.82399,122682047.38751931
2025-07-15 20:00:00 UTC,116416.07,116725.02,116192.27,116419.02,604.23115,70343998.336473
2025-07-15 21:00:00 UTC,116419.01,117600.0,116350.0,117553.92,613.20681,72084864.2861952
2025-07-15 22:00:00 UTC,117553.91,117868.52,117263.66,117827.74,634.19704,74726003.9378896
2025-07-15 23:00:00 UTC,117827.74,117972.86,117500.0,117758.09,394.60478,46467905.1976702
2025-07-16 00:00:00 UTC,117758.08,118178.0,117425.27,118112.89,622.87077,73569066.7412253
2025-07-16 01:00:00 UTC,118112.9,118195.0,117582.12,117724.29,470.76557,55420542.4846953
2025-07-16 02:00:00 UTC,117724.29,117752.87,117017.29,117317.27,578.37446,67853312.6849242
2025-07-16 03:00:00 UTC,117317.27,117519.49,117211.25,117482.67,388.69782,45665257.716779396
2025-07-16 04:00:00 UTC,117482.67,117700.7,117275.63,117600.92,335.01607,39398198.0467844
2025-07-16 05:00:00 UTC,117600.92,118000.0,117600.92,117869.82,479.8066,56554717.57681201
2025-07-16 06:00:00 UTC,117869.82,118285.15,117760.0,118276.3,372.39644,44045673.056372
2025-07-16 07:00:00 UTC,118276.3,118300.0,118046.19,118189.25,466.50951,55136409.104767494
2025-07-16 08:00:00 UTC,118189.24,118794.64,118113.82,118699.99,858.41533,101893891.08684671
2025-07-16 09:00:00 UTC,118700.0,119200.0,118693.71,119193.37,766.24927,91331832.7513399
2025-07-16 10:00:00 UTC,119193.38,119310.75,118734.53,118736.25,614.40925,72952650.31031251
2025-07-16 11:00:00 UTC,118736.24,118912.36,118650.0,118769.06,419.29991,49799856.1687846
2025-07-16 12:00:00 UTC,118769.06,119082.94,118580.36,118613.43,550.40761,65285734.520202294
2025-07-16 13:00:00 UTC,118613.43,118920.0,118181.14,118700.01,927.75357,110124358.0365357
2025-07-16 14:00:00 UTC,118700.02,119260.0,118200.0,119056.8,1139.36599,135649268.79823202
2025-07-16 15:00:00 UTC,119056.81,119794.8,118328.48,119095.76,2233.63925,266016964.04458
2025-07-16 16:00:00 UTC,119095.76,119338.12,118471.38,119291.91,671.3025,80080957.41277501
2025-07-16 17:00:00 UTC,119291.91,119700.0,118963.96,119073.35,654.94744,77986785.75472401
2025-07-16 18:00:00 UTC,119073.35,119904.13,118880.27,119512.2,731.25594,87394006.152468
2025-07-16 19:00:00 UTC,119512.2,119668.72,118822.72,119230.16,819.82836,97748266.5353376
2025-07-16 20:00:00 UTC,119230.16,119933.89,118943.91,119921.96,606.44397,72725949.51258121
2025-07-16 21:00:00 UTC,119921.97,120063.84,119200.0,119297.64,1094.26323,130543020.8777772
2025-07-16 22:00:00 UTC,119297.64,119500.0,118592.22,118639.34,893.9653,106059453.17490199
2025-07-16 23:00:00 UTC,118639.34,118823.5,118420.0,118630.43,343.92435,40799893.5279705
2025-07-17 00:00:00 UTC,118630.44,119158.28,118620.83,118894.33,319.33644,37967292.0783852
2025-07-17 01:00:00 UTC,118894.33,119082.88,117683.53,118149.7,854.33514,100939440.490458
2025-07-17 02:00:00 UTC,118149.71,118523.25,118017.06,118330.57,607.84399,71926525.8077743
2025-07-17 03:00:00 UTC,118330.58,118356.32,117761.11,118128.8,452.54646,53458770.264048
2025-07-17 04:00:00 UTC,118128.8,118485.4,117959.33,118485.4,389.33546,46130567.712284
2025-07-17 05:00:00 UTC,118485.39,118643.59,118225.54,118587.03,364.79579,43260049.2926037
2025-07-17 06:00:00 UTC,118587.03,118772.0,118341.55,118452.51,592.92659,70233642.8312409
2025-07-17 07:00:00 UTC,118452.51,118556.45,117857.03,118311.75,733.57599,86790659.13488251
2025-07-17 08:00:00 UTC,118311.75,118424.28,118082.99,118330.93,416.84953,49326192.554962896
2025-07-17 09:00:00 UTC,118330.93,119192.0,118242.26,118769.34,734.00895,87177758.545593
2025-07-17 10:00:00 UTC,118769.34,118869.73,118241.24,118340.01,402.69694,47655159.9065694
2025-07-17 11:00:00 UTC,118340.0,118398.82,117974.99,117995.0,488.32774,57620231.6813
2025-07-17 12:00:00 UTC,117995.0,118183.74,117453.57,117867.08,1041.93489,122809823.0344212
2025-07-17 13:00:00 UTC,117867.08,118446.19,117520.6,118281.99,846.07215,100075097.5855785
2025-07-17 14:00:00 UTC,118281.99,118834.2,118141.47,118770.94,695.28925,82580157.794395
2025-07-17 15:00:00 UTC,118770.94,119073.46,118334.34,118881.99,592.49854,70437405.50729461
2025-07-17 16:00:00 UTC,118881.99,118954.66,118333.6,118558.61,550.68619,65288589.2325959
2025-07-17 17:00:00 UTC,118558.61,119328.89,118500.0,119261.5,555.62392,66264542.13508
2025-07-17 18:00:00 UTC,119261.51,119780.67,119211.94,119580.0,689.15184,82408777.0272
2025-07-17 19:00:00 UTC,119580.0,119880.13,118821.06,118959.66,638.4785,75953185.27731001
2025-07-17 20:00:00 UTC,118959.66,119436.87,118383.97,119436.86,583.39954,69679409.1830444
2025-07-17 21:00:00 UTC,119436.86,120998.71,119431.93,120272.19,1869.7935,224884159.092765
2025-07-17 22:00:00 UTC,120272.19,120693.35,119485.71,119766.71,695.69871,83321545.64794411
2025-07-17 23:00:00 UTC,119766.7,119879.35,119170.52,119177.56,613.37046,73099994.7988776
2025-07-18 00:00:00 UTC,119177.56,119786.52,119020.48,119739.06,492.21525,58937391.352665
2025-07-18 01:00:00 UTC,119739.06,120785.49,119644.21,120336.88,1117.34665,134458009.739452
2025-07-18 02:00:00 UTC,120336.88,120399.04,119869.97,120096.43,585.26308,70288006.51880439
2025-07-18 03:00:00 UTC,120096.42,120478.83,119949.28,120223.09,478.04437,57471971.3185033
2025-07-18 04:00:00 UTC,120223.08,120486.29,119750.0,120403.4,535.70911,64501198.254974
2025-07-18 05:00:00 UTC,120403.4,120635.97,120210.02,120589.95,806.90934,97305156.965133
2025-07-18 06:00:00 UTC,120589.94,120820.71,120075.04,120251.0,876.24559,105369408.44308999
2025-07-18 07:00:00 UTC,120251.0,120386.27,119287.72,119339.51,1430.3153,170693127.047503
2025-07-18 08:00:00 UTC,119339.51,119469.21,118395.0,118642.01,1456.19404,172765787.8556204
2025-07-18 09:00:00 UTC,118642.02,118974.99,118442.84,118875.01,960.39557,114167032.9877057
2025-07-18 10:00:00 UTC,118875.01,119259.98,118502.7,119250.72,893.61085,106563737.26231201
2025-07-18 11:00:00 UTC,119250.72,119281.93,118772.4,119171.34,504.29437,60097435.8273558
2025-07-18 12:00:00 UTC,119171.35,119531.48,119145.84,119442.44,580.75482,69366772.7425608
2025-07-18 13:00:00 UTC,119442.43,119442.44,118500.0,118773.38,1270.18453,150864109.8518114
2025-07-18 14:00:00 UTC,118773.38,119242.63,117315.69,118139.99,2133.86458,252094740.1425542
2025-07-18 15:00:00 UTC,118139.99,118265.96,117480.0,117860.25,1035.97451,122100214.7422275
2025-07-18 16:00:00 UTC,117860.24,118054.92,117479.92,117553.42,743.90949,87449104.7199558
2025-07-18 17:00:00 UTC,117553.41,117996.49,117377.0,117600.01,466.84347,54900796.7404347
2025-07-18 18:00:00 UTC,117600.01,117723.11,117235.0,117310.72,633.76775,74347751.06528
2025-07-18 19:00:00 UTC,117310.72,117874.0,117120.53,117374.76,720.06492,84517447.1694192
2025-07-18 20:00:00 UTC,117374.75,117539.51,116812.76,117405.0,971.31857,114037656.71085
2025-07-18 21:00:00 UTC,117404.99,117879.9,117368.01,117676.82,398.26546,46866612.84863721
2025-07-18 22:00:00 UTC,117676.81,117962.09,117402.25,117683.71,397.4577,46774296.704067
2025-07-18 23:00:00 UTC,117683.71,118021.62,117455.94,117924.84,435.71334,51381425.9053656
2025-07-19 00:00:00 UTC,117924.84,118028.86,117714.85,117739.7,314.9014,37076396.36558
2025-07-19 01:00:00 UTC,117739.7,118109.95,117613.35,118036.73,286.4576,33812518.387648
2025-07-19 02:00:00 UTC,118036.74,118297.72,117935.0,118201.03,339.10664,40082754.1278392
2025-07-19 03:00:00 UTC,118201.04,118371.42,118123.6,118322.54,382.53888,45262971.9303552
2025-07-19 04:00:00 UTC,118322.53,118364.0,118096.89,118134.83,245.36594,28986263.6096902
2025-07-19 05:00:00 UTC,118134.83,118289.43,118044.19,118205.98,257.94833,30491035.137013398
2025-07-19 06:00:00 UTC,118205.98,118261.7,118065.8,118164.42,162.98805,19259388.395180997
2025-07-19 07:00:00 UTC,118164.42,118326.8,118156.32,118163.06,162.42311,19192411.6923166
2025-07-19 08:00:00 UTC,118163.07,118265.95,117943.25,118101.82,259.81389,30684493.270279802
2025-07-19 09:00:00 UTC,118101.83,118328.0,118069.22,118244.3,201.68294,23847858.062242
2025-07-19 10:00:00 UTC,118244.3,118479.34,118180.36,118440.38,392.75678,46518262.2707764
2025-07-19 11:00:00 UTC,118440.39,118499.9,118166.39,118327.06,269.17371,31850533.733592603
2025-07-19 12:00:00 UTC,118327.05,118327.06,118099.46,118242.04,323.90381,38299047.2581724
2025-07-19 13:00:00 UTC,118242.04,118317.42,118086.0,118188.14,280.81512,33189016.716676798
2025-07-19 14:00:00 UTC,118188.15,118229.8,117627.71,117668.14,707.8297,83289004.235758
2025-07-19 15:00:00 UTC,117668.14,118240.01,117661.04,118058.11,344.11867,40625999.795913704
2025-07-19 16:00:00 UTC,118058.1,118161.51,117850.0,117973.99,202.06426,23838326.9885974
2025-07-19 17:00:00 UTC,117974.0,117984.68,117741.93,117808.17,192.03328,22623089.2958976
2025-07-19 18:00:00 UTC,117808.17,118028.0,117761.58,117859.1,127.41782,15017349.589162001
2025-07-19 19:00:00 UTC,117859.1,118141.0,117605.26,118007.88,258.76097,30535833.4964436
2025-07-19 20:00:00 UTC,118007.88,118141.0,117708.55,117720.01,212.75326,25045315.894732602
2025-07-19 21:00:00 UTC,117720.0,117836.56,117277.34,117705.82,417.75569,49172276.0511158
2025-07-19 22:00:00 UTC,117705.81,117850.14,117529.44,117792.98,169.57842,19975147.4354916
2025-07-19 23:00:00 UTC,117792.98,117935.76,117738.63,117840.0,123.61479,14566766.8536
2025-07-20 00:00:00 UTC,117840.01,117996.49,117650.0,117942.31,137.64118,16233718.720325798
2025-07-20 01:00:00 UTC,117942.31,118131.2,117900.72,117941.25,244.5789,28845941.189625
2025-07-20 02:00:00 UTC,117941.25,118006.37,117766.42,117970.49,319.10411,37644868.2177139
2025-07-20 03:00:00 UTC,117970.5,118165.38,117706.9,117958.01,514.71198,60714400.8839598
2025-07-20 04:00:00 UTC,117958.0,118127.39,117900.0,117949.98,209.68915,24732831.048717
2025-07-20 05:00:00 UTC,117949.99,117976.36,117800.0,117846.91,262.71011,30959574.6892601
2025-07-20 06:00:00 UTC,117846.92,117884.29,117760.67,117824.48,128.67886,15161519.766492797
2025-07-20 07:00:00 UTC,117824.49,118218.0,117824.48,118029.49,339.64911,40088611.2322539
2025-07-20 08:00:00 UTC,118029.49,118255.14,118000.0,118151.14,659.2723,77893773.815422
2025-07-20 09:00:00 UTC,118151.15,118277.17,117886.51,117913.11,427.04081,50353710.004019104
2025-07-20 10:00:00 UTC,117913.12,117993.86,117876.42,117888.21,342.66508,40396172.9107068
2025-07-20 11:00:00 UTC,117888.21,118081.66,117819.88,117878.46,371.30411,43768756.6784706
2025-07-20 12:00:00 UTC,117878.46,118169.36,117723.23,118085.43,1364.32398,161106783.83761138
2025-07-20 13:00:00 UTC,118085.43,118422.57,118085.42,118417.35,635.77922,75287290.417467
2025-07-20 14:00:00 UTC,118417.35,118799.8,118277.77,118468.41,858.70947,101729945.5628427
2025-07-20 15:00:00 UTC,118468.41,118775.85,118347.38,118671.11,421.29202,49995191.6475422
2025-07-20 16:00:00 UTC,118671.12,118856.8,118465.0,118557.78,586.79687,69569334.2181486
2025-07-20 17:00:00 UTC,118557.77,118557.78,117960.0,118018.69,611.1576,72128019.335544
2025-07-20 18:00:00 UTC,118018.7,118448.2,118018.7,118361.79,651.93273,77163924.8823867
2025-07-20 19:00:00 UTC,118361.8,118563.93,118155.0,118155.01,269.24086,31812156.505708598
2025-07-20 20:00:00 UTC,118155.0,118263.0,117852.72,118087.67,459.44638,54254952.504134595
2025-07-20 21:00:00 UTC,118087.67,118153.88,117830.2,117997.88,339.24007,40029609.071051605
2025-07-20 22:00:00 UTC,117997.87,118040.0,116467.02,117479.93,2198.48268,258277591.3526124
2025-07-20 23:00:00 UTC,117479.92,117556.93,116955.94,117265.12,609.48131,71470898.9549072
2025-07-21 00:00:00 UTC,117265.11,117352.06,116515.0,117352.06,857.45207,100623766.7657642
2025-07-21 01:00:00 UTC,117352.05,117441.62,116775.95,117305.86,496.20828,58208139.0245208
2025-07-21 02:00:00 UTC,117305.86,118183.93,117305.86,118183.92,687.53225,81255256.43142
2025-07-21 03:00:00 UTC,118183.92,118614.7,118131.75,118404.0,753.42903,89209010.86812
2025-07-21 04:00:00 UTC,118404.01,118634.57,118282.25,118331.61,405.68153,48004948.5921633
2025-07-21 05:00:00 UTC,118331.62,118430.24,118188.95,118430.22,471.56768,55847864.0872896
2025-07-21 06:00:00 UTC,118430.22,119241.57,118290.24,119169.25,1099.23474,130994979.53974502
2025-07-21 07:00:00 UTC,119169.26,119676.73,119162.62,119362.67,807.18244,96347451.21551481
2025-07-21 08:00:00 UTC,119364.18,119500.0,118854.9,119016.83,700.59303,83382361.5506949
2025-07-21 09:00:00 UTC,119016.84,119086.05,118527.12,118690.05,373.46118,44326126.127259
2025-07-21 10:00:00 UTC,118690.05,118820.0,118344.0,118578.14,677.30519,80313589.64254661
2025-07-21 11:00:00 UTC,118578.14,118798.2,118070.16,118070.17,760.53044,89795958.3409748
2025-07-21 12:00:00 UTC,118070.17,118590.0,117778.7,118172.82,742.548,87748991.14536001
2025-07-21 13:00:00 UTC,118172.82,119100.0,117888.25,118834.0,1080.14384,128357813.08255999
2025-07-21 14:00:00 UTC,118834.0,119233.71,118432.0,118828.99,1012.98942,120372509.6592858
2025-07-21 15:00:00 UTC,118828.99,119119.59,118270.0,118313.16,669.70168,79234522.0181088
2025-07-21 16:00:00 UTC,118313.16,118399.1,117500.0,117738.44,1307.79158,153977340.47433522
2025-07-21 17:00:00 UTC,117738.44,118093.13,117321.84,117847.82,692.69059,81632075.9660138
2025-07-21 18:00:00 UTC,117847.83,118213.24,117100.0,117162.28,666.85458,78130203.02124241
2025-07-21 19:00:00 UTC,117162.28,117521.01,116666.0,116767.67,1149.65254,134242248.4053818
2025-07-21 20:00:00 UTC,116767.67,117252.0,116656.88,116939.4,697.73214,81592377.81231599
2025-07-21 21:00:00 UTC,116939.4,117371.99,116879.1,117215.25,403.94845,47348918.5538625
2025-07-21 22:00:00 UTC,117215.25,117633.66,117117.85,117348.96,307.79739,36119703.607214406
2025-07-21 23:00:00 UTC,117348.97,117508.25,117107.03,117380.36,285.30321,33488993.498955596
2025-07-22 00:00:00 UTC,117380.36,117524.07,117012.29,117123.69,512.7688,60057373.97287201
2025-07-22 01:00:00 UTC,117123.68,117950.0,116128.0,117750.01,1747.33705,205748955.1108705
2025-07-22 02:00:00 UTC,117750.01,117800.0,116969.67,117027.81,641.70987,75097900.7414847
2025-07-22 03:00:00 UTC,117027.81,117271.32,116683.93,117210.0,805.64841,94430050.1361
2025-07-22 04:00:00 UTC,117210.0,117357.21,116555.0,116555.01,1108.40285,129189905.26577848
2025-07-22 05:00:00 UTC,116555.01,117346.17,116552.18,117329.27,706.3125,82871130.016875
2025-07-22 06:00:00 UTC,117329.28,117847.77,117275.47,117847.26,782.21261,92181612.8259486
2025-07-22 07:00:00 UTC,117847.26,118594.55,117780.0,117983.68,1682.91379,198556362.0669472
2025-07-22 08:00:00 UTC,117983.69,118345.0,117488.19,118289.99,931.64911,110204763.9054089
2025-07-22 09:00:00 UTC,118290.0,118656.0,117873.42,118399.09,867.84135,102751626.1043715
2025-07-22 10:00:00 UTC,118399.09,118956.0,118302.01,118955.99,608.10463,72337688.2852337
2025-07-22 11:00:00 UTC,118955.99,119188.3,118784.0,119154.99,969.19626,115484570.6683374
2025-07-22 12:00:00 UTC,119154.99,119419.74,119037.02,119293.7,896.31634,106924892.569058
2025-07-22 13:00:00 UTC,119293.7,119573.53,118034.63,118147.82,1663.45612,196533714.24365842
2025-07-22 14:00:00 UTC,118147.83,119140.14,117550.0,119060.0,1271.80822,151421486.67319998
2025-07-22 15:00:00 UTC,119060.01,119177.53,118690.38,118912.04,765.65863,91046029.6369052
2025-07-22 16:00:00 UTC,118912.04,119350.01,118626.35,118681.26,608.5666,72225450.881916
2025-07-22 17:00:00 UTC,118681.25,119213.0,118368.19,119199.39,444.47061,52980625.5849279
2025-07-22 18:00:00 UTC,119199.39,120183.96,119044.06,119733.69,1310.2716,156883653.57020402
2025-07-22 19:00:00 UTC,119733.7,119914.97,119097.6,119282.1,704.31973,84012736.46583301
2025-07-22 20:00:00 UTC,119282.11,119901.88,119203.2,119703.28,539.53916,64584607.1404448
2025-07-22 21:00:00 UTC,119703.29,119770.84,119400.0,119400.0,239.71174,28621581.755999997
2025-07-22 22:00:00 UTC,119400.0,120035.29,119385.21,119844.23,608.63065,72940871.6036495
2025-07-22 23:00:00 UTC,119844.23,120247.8,119835.56,119954.42,542.2831,65049254.736301996
2025-07-23 00:00:00 UTC,119954.43,120090.0,119500.29,119546.56,373.25447,44621287.8931232
2025-07-23 01:00:00 UTC,119546.56,119666.04,119379.63,119488.22,386.63831,46198723.4457082
2025-07-23 02:00:00 UTC,119488.21,119531.29,118983.34,119090.73,754.14191,89811310.58549431
2025-07-23 03:00:00 UTC,119090.73,119116.68,118532.96,118614.17,554.08458,65722282.56649859
2025-07-23 04:00:00 UTC,118614.16,118996.01,118576.38,118996.0,301.65112,35895276.675519995
2025-07-23 05:00:00 UTC,118996.01,119006.05,118615.97,118645.04,468.54694,55590770.4381776
2025-07-23 06:00:00 UTC,118645.04,118717.12,118329.04,118417.99,401.51312,47546376.629028805
2025-07-23 07:00:00 UTC,118417.99,118592.39,118288.2,118350.35,392.52237,46455159.8723295
2025-07-23 08:00:00 UTC,118350.35,118552.0,118222.71,118423.21,415.94192,49257177.3399632
2025-07-23 09:00:00 UTC,118423.21,118457.86,117910.66,118040.0,501.38076,59182984.9104
2025-07-23 10:00:00 UTC,118040.01,118379.74,117844.24,118372.12,510.46248,60424525.9380576
2025-07-23 11:00:00 UTC,118372.13,118619.79,118160.0,118538.46,373.31825,44252570.444895
2025-07-23 12:00:00 UTC,118538.46,118655.0,117799.87,117980.7,730.54489,86190197.503623
2025-07-23 13:00:00 UTC,117980.69,118199.89,117330.0,117381.44,1612.8477,189318385.526688
2025-07-23 14:00:00 UTC,117381.44,118205.0,117301.0,118204.99,952.15862,112549900.15551381
2025-07-23 15:00:00 UTC,118204.99,118708.24,117823.21,118567.39,741.63721,87933988.31658189
2025-07-23 16:00:00 UTC,118567.39,118567.39,117561.23,117712.53,803.50351,94582431.0259803
2025-07-23 17:00:00 UTC,117712.53,118136.46,117331.63,118131.99,856.62881,101195266.01663192
2025-07-23 18:00:00 UTC,118131.99,118387.85,117998.9,118379.45,514.88794,60952151.14883299
2025-07-23 19:00:00 UTC,118379.44,118466.69,118218.12,118393.64,476.80341,56450491.2743124
2025-07-23 20:00:00 UTC,118393.64,118498.76,117559.91,117900.0,625.02001,73689859.17899999
2025-07-23 21:00:00 UTC,117900.0,118181.36,117381.8,118181.36,644.9173,76217203.60152799
2025-07-23 22:00:00 UTC,118181.75,118630.39,117937.47,118568.99,553.07391,65577414.904050894
2025-07-23 23:00:00 UTC,118568.99,118756.0,118421.86,118755.99,613.27129,72829639.18252711
2025-07-24 00:00:00 UTC,118756.0,119138.57,118571.17,119060.0,647.45883,77086448.29980001
2025-07-24 01:00:00 UTC,119060.01,119100.0,118787.32,119094.4,299.18389,35631125.869216
2025-07-24 02:00:00 UTC,119094.4,119094.4,118808.44,118960.6,290.68089,34579573.082934
2025-07-24 03:00:00 UTC,118960.6,119273.36,118466.71,118488.92,640.95973,75946626.1711916
2025-07-24 04:00:00 UTC,118488.92,118610.25,117830.0,117941.86,760.33077,89674825.2290322
2025-07-24 05:00:00 UTC,117941.86,117953.72,117500.0,117604.55,902.71116,106162939.75177799
2025-07-24 06:00:00 UTC,117604.54,117855.0,117380.03,117466.81,933.69554,109678236.5950274
2025-07-24 07:00:00 UTC,117466.81,118473.62,117103.1,118416.21,1190.19498,140938378.69262582
2025-07-24 08:00:00 UTC,118416.21,118811.09,118224.76,118775.28,827.24635,98256416.850228
2025-07-24 09:00:00 UTC,118775.29,118814.47,118300.53,118507.08,476.62912,56483925.2541696
2025-07-24 10:00:00 UTC,118507.07,118648.53,117955.59,118373.99,531.255,62886774.057450004
2025-07-24 11:00:00 UTC,118374.0,118739.13,118297.56,118600.0,569.02762,67486675.732
2025-07-24 12:00:00 UTC,118600.0,118728.33,118281.12,118531.42,776.17409,92001017.0549078
2025-07-24 13:00:00 UTC,118531.43,118727.53,118220.0,118227.48,630.03049,74486917.15586519
2025-07-24 14:00:00 UTC,118227.48,119109.74,117832.32,119057.11,1286.22387,153134096.77521572
2025-07-24 15:00:00 UTC,119057.12,119450.0,118614.84,119092.65,1446.86371,172310833.4127315
2025-07-24 16:00:00 UTC,119092.65,119190.41,118350.0,118529.97,870.59406,103191487.8139782
2025-07-24 17:00:00 UTC,118529.97,119307.43,118481.7,119122.94,402.20867,47912279.2638898
2025-07-24 18:00:00 UTC,119122.95,119395.81,118960.27,119044.29,426.58619,50782650.1123551
2025-07-24 19:00:00 UTC,119044.29,119343.97,118900.02,118943.42,467.4377,55598638.674934
2025-07-24 20:00:00 UTC,118943.42,119010.64,118722.02,118722.02,271.81117,32269971.1609634
2025-07-24 21:00:00 UTC,118722.03,118790.44,118487.2,118527.52,211.57104,25076990.675020803
2025-07-24 22:00:00 UTC,118527.51,118626.09,118186.57,118280.01,387.73703,45861539.7857703
2025-07-24 23:00:00 UTC,118280.0,118450.24,118166.94,118340.99,560.27853,66303915.91594471
2025-07-25 00:00:00 UTC,118340.98,118451.57,117652.85,117664.56,992.03849,116727772.4289144
2025-07-25 01:00:00 UTC,117664.55,117802.04,117231.0,117359.26,2379.32463,279235777.8765738
2025-07-25 02:00:00 UTC,117359.27,117396.96,116353.66,116353.67,3274.41246,380989906.8147282
2025-07-25 03:00:00 UTC,116353.67,116428.55,115330.86,115419.66,4481.42935,517245051.8910211
2025-07-25 04:00:00 UTC,115419.65,116144.63,115115.0,116102.7,2028.74795,235543114.614465
2025-07-25 05:00:00 UTC,116102.71,116102.71,115263.54,115500.0,1990.02649,229848059.595
2025-07-25 06:00:00 UTC,115500.0,115511.54,115200.0,115284.25,2030.76329,234115022.8151825
2025-07-25 07:00:00 UTC,115284.25,115946.26,114723.16,115320.01,2785.7139,321248554.805139
2025-07-25 08:00:00 UTC,115320.01,115980.82,115008.85,115202.55,3646.45319,420080705.9436345
2025-07-25 09:00:00 UTC,115202.55,116033.46,115020.59,116033.44,1501.26322,174196735.7620768
2025-07-25 10:00:00 UTC,116033.44,116487.5,115990.09,116308.48,927.16868,107837579.8744064
2025-07-25 11:00:00 UTC,116308.48,116782.13,116308.48,116543.58,1141.32627,133014249.4538466
2025-07-25 12:00:00 UTC,116543.59,116656.99,115963.97,116105.96,1288.03796,149548883.86224163
2025-07-25 13:00:00 UTC,116105.96,116600.0,115564.75,116216.27,1802.0313,209425356.10925102
2025-07-25 14:00:00 UTC,116216.27,116286.87,114908.0,114960.01,2025.1148,232807217.659148
2025-07-25 15:00:00 UTC,114960.01,115846.39,114916.48,115727.08,1246.60929,144266453.03257322
2025-07-25 16:00:00 UTC,115727.07,116214.88,115455.46,116185.32,941.06562,109338010.2006984
2025-07-25 17:00:00 UTC,116185.31,116345.74,115871.8,116042.5,679.50606,78851581.96755001
2025-07-25 18:00:00 UTC,116042.51,116568.73,116042.5,116491.53,629.2576,73303180.588128
2025-07-25 19:00:00 UTC,116491.53,116997.21,116405.7,116688.6,839.57954,97969361.111244
2025-07-25 20:00:00 UTC,116688.6,117306.0,116578.02,117040.01,737.6538,86335008.128538
2025-07-25 21:00:00 UTC,117040.01,117377.59,116956.0,117214.23,418.42958,49045901.0289234
2025-07-25 22:00:00 UTC,117214.23,117343.89,117102.3,117279.97,248.88589,29189329.7126233
2025-07-25 23:00:00 UTC,117279.97,117630.0,117186.83,117614.31,371.50937,43694818.2110847
2025-07-26 00:00:00 UTC,117614.31,117614.32,117330.24,117496.0,388.41101,45636740.03095999
2025-07-26 01:00:00 UTC,117496.0,117550.9,117138.38,117153.73,266.66811,31241163.7585503
2025-07-26 02:00:00 UTC,117153.74,117750.0,117153.73,117469.0,391.82574,46027377.85206
2025-07-26 03:00:00 UTC,117469.01,117603.0,117462.64,117489.62,175.33791,20600384.4174942
2025-07-26 04:00:00 UTC,117489.61,117547.92,117396.95,117496.81,182.72574,21469691.5548894
2025-07-26 05:00:00 UTC,117496.8,117541.19,117419.83,117444.99,155.81148,18299277.7104852
2025-07-26 06:00:00 UTC,117444.99,117458.0,117320.0,117350.71,213.86521,25097234.2377991
2025-07-26 07:00:00 UTC,117350.71,117382.76,117304.46,117304.47,454.07762,53265334.5529614
2025-07-26 08:00:00 UTC,117304.47,117615.12,117304.46,117557.14,259.96197,30560385.7019658
2025-07-26 09:00:00 UTC,117557.14,117617.65,117458.0,117570.6,190.39173,22384469.931138
2025-07-26 10:00:00 UTC,117570.6,118217.45,117545.1,117971.93,749.16688,88380662.7256784
2025-07-26 11:00:00 UTC,117971.94,118072.41,117776.1,117776.11,349.789,41196787.74079
2025-07-26 12:00:00 UTC,117776.1,117990.0,117772.13,117914.17,171.77445,20254641.6989565
2025-07-26 13:00:00 UTC,117914.16,118220.0,117855.15,118125.24,341.83674,40379546.953317605
2025-07-26 14:00:00 UTC,118125.24,118210.85,117956.0,118064.99,355.21897,41938924.140860304
2025-07-26 15:00:00 UTC,118064.99,118142.87,117818.2,118130.1,434.76718,51359090.450118005
2025-07-26 16:00:00 UTC,118130.1,118188.97,118011.0,118081.18,351.27128,41478527.24251039
2025-07-26 17:00:00 UTC,118081.19,118090.0,117990.0,118039.98,139.66952,16486587.3474096
2025-07-26 18:00:00 UTC,118039.99,118099.99,117941.96,118095.15,195.55155,23093689.629982498
2025-07-26 19:00:00 UTC,118095.16,118297.35,118040.0,118232.11,364.90102,43143017.5357522
2025-07-26 20:00:00 UTC,118232.11,118232.12,117883.86,117956.32,249.16255,29390297.479816005
2025-07-26 21:00:00 UTC,117956.32,118068.0,117888.2,118028.56,149.87446,17689466.6945776
2025-07-26 22:00:00 UTC,118028.56,118276.66,117978.0,118007.02,289.29406,34138729.9243012
2025-07-26 23:00:00 UTC,118007.03,118048.19,117890.0,117919.99,170.31788,20083882.7064212
2025-07-27 00:00:00 UTC,117919.99,117961.89,117825.5,117952.0,131.17257,15472066.976640001
2025-07-27 01:00:00 UTC,117951.99,118190.0,117920.0,118102.0,291.9617,34481260.6934
2025-07-27 02:00:00 UTC,118102.0,118358.18,118021.85,118309.99,398.69577,47169692.5617423
2025-07-27 03:00:00 UTC,118309.99,118309.99,118080.92,118182.83,185.67692,21943823.8712836
2025-07-27 04:00:00 UTC,118182.83,118272.43,118149.19,118215.1,180.57499,21346690.500349004
2025-07-27 05:00:00 UTC,118215.09,118300.0,118160.84,118274.73,261.59962,30940624.4236026
2025-07-27 06:00:00 UTC,118274.73,118438.83,118197.71,118263.4,218.37982,25826340.004587997
2025-07-27 07:00:00 UTC,118263.4,118263.4,118066.74,118095.95,147.6577,17437776.356315
2025-07-27 08:00:00 UTC,118095.95,118129.75,117950.47,117950.47,201.29673,23743043.9129631
2025-07-27 09:00:00 UTC,117950.47,117999.91,117859.98,117943.92,195.86439,23101013.9450088
2025-07-27 10:00:00 UTC,117943.92,118292.86,117943.92,118184.92,257.644,30449635.52848
2025-07-27 11:00:00 UTC,118184.92,118255.32,118050.0,118072.71,181.16448,21390581.1093408
2025-07-27 12:00:00 UTC,118072.71,118111.34,117890.0,118097.39,298.94425,35304535.6805075
2025-07-27 13:00:00 UTC,118097.39,118217.6,118085.87,118201.99,217.84311,25749489.109788902
2025-07-27 14:00:00 UTC,118201.99,118499.0,118149.96,118422.16,467.70923,55387137.2685368
2025-07-27 15:00:00 UTC,118422.16,118588.0,118236.84,118585.74,601.55506,71335851.9408444
2025-07-27 16:00:00 UTC,118585.75,119540.01,118585.75,119090.45,2270.02899,270338773.9321455
2025-07-27 17:00:00 UTC,119090.46,119334.88,118855.58,119196.69,652.20986,77741256.4973634
2025-07-27 18:00:00 UTC,119196.68,119372.87,118942.9,119021.33,339.99317,40466439.2843161
2025-07-27 19:00:00 UTC,119021.33,119073.91,118895.09,118960.0,156.14032,18574452.4672
2025-07-27 20:00:00 UTC,118960.01,119169.97,118713.74,118754.13,284.59066,33796316.234425806
2025-07-27 21:00:00 UTC,118754.13,119270.15,118724.0,119265.76,238.52881,28448319.806545597
2025-07-27 22:00:00 UTC,119265.75,119766.65,119228.56,119495.17,773.18425,92391783.3950725
2025-07-27 23:00:00 UTC,119495.16,119528.47,119119.53,119415.55,375.89279,44887444.2588845
2025-07-28 00:00:00 UTC,119415.56,119690.32,119126.09,119236.72,466.02933,55567808.7329976
2025-07-28 01:00:00 UTC,119236.72,119480.0,118960.5,119037.77,475.77219,56634860.5256163
2025-07-28 02:00:00 UTC,119037.77,119800.0,119021.11,119434.14,578.13763,69049370.6406882
2025-07-28 03:00:00 UTC,119434.14,119521.03,119234.37,119287.99,304.59253,36334230.6727147
2025-07-28 04:00:00 UTC,119287.99,119423.58,119128.46,119218.05,341.10705,40666117.3422525
2025-07-28 05:00:00 UTC,119218.06,119701.07,119138.24,119526.13,787.5627,94134321.663351
2025-07-28 06:00:00 UTC,119526.13,119600.0,119440.0,119448.02,349.57844,41756452.492688805
2025-07-28 07:00:00 UTC,119448.03,119448.03,118774.31,118900.0,881.81401,104847685.789
2025-07-28 08:00:00 UTC,118900.01,119102.69,118777.98,119072.45,558.77409,66534599.8928205
2025-07-28 09:00:00 UTC,119072.45,119072.45,118704.01,118930.87,367.39295,43694363.1753665
2025-07-28 10:00:00 UTC,118930.88,118953.52,118620.22,118764.53,360.71138,42839717.5113514
2025-07-28 11:00:00 UTC,118764.54,118873.78,118475.47,118827.49,773.30378,91889747.1849122
2025-07-28 12:00:00 UTC,118827.49,119093.68,118783.85,118845.24,779.03242,92584294.92268081
2025-07-28 13:00:00 UTC,118845.23,119085.79,118234.28,118434.78,1098.91827,130150143.54543059
2025-07-28 14:00:00 UTC,118434.77,118685.02,117895.73,117985.93,1300.98009,153497345.8301337
2025-07-28 15:00:00 UTC,117985.94,118500.0,117907.0,118174.9,613.6795,72521513.54454999
2025-07-28 16:00:00 UTC,118174.89,118376.61,118003.55,118028.88,472.32021,55747425.3876648
2025-07-28 17:00:00 UTC,118028.89,118112.24,117653.39,117667.86,789.85169,92940158.0796834
2025-07-28 18:00:00 UTC,117667.86,117856.37,117427.5,117776.56,670.47028,78965683.1606368
2025-07-28 19:00:00 UTC,117776.56,118244.46,117542.45,118068.73,642.91309,75907932.03667569
2025-07-28 20:00:00 UTC,118068.73,118162.17,117500.09,118044.93,399.93343,47210113.74900989
2025-07-28 21:00:00 UTC,118044.93,118350.01,117951.12,118106.9,334.38901,39493649.365168996
2025-07-28 22:00:00 UTC,118106.89,118266.06,117762.51,117854.35,370.20373,43630119.966725506
2025-07-28 23:00:00 UTC,117854.34,118172.37,117814.64,118062.32,244.27974,28840232.833396804
2025-07-29 00:00:00 UTC,118062.32,118450.0,117539.68,117979.8,548.35859,64695236.77648201
2025-07-29 01:00:00 UTC,117979.8,118247.62,117774.15,117774.16,264.65387,31169387.2299992
2025-07-29 02:00:00 UTC,117774.15,118102.79,117450.0,118095.6,550.84159,65051968.076004006
2025-07-29 03:00:00 UTC,118095.59,118800.0,118095.59,118764.85,879.02363,104397109.56340551
2025-07-29 04:00:00 UTC,118764.85,118799.99,118416.66,118533.93,441.70806,52357392.26447579
2025-07-29 05:00:00 UTC,118533.93,118852.0,118527.77,118800.0,475.07739,56439193.932
2025-07-29 06:00:00 UTC,118799.99,119061.68,118731.74,118764.85,664.6105,78932366.34092501
2025-07-29 07:00:00 UTC,118764.86,119273.36,118750.87,118882.37,998.59676,118715549.5031212
2025-07-29 08:00:00 UTC,118882.37,119051.0,118764.86,118923.8,302.76278,36005700.296164006
2025-07-29 09:00:00 UTC,118923.81,118985.0,118758.98,118784.79,385.26308,45763394.0525532
2025-07-29 10:00:00 UTC,118784.8,118828.01,118300.0,118317.75,697.30138,82503130.353495
2025-07-29 11:00:00 UTC,118317.74,118592.39,118160.87,118592.38,577.62627,68502074.1098226
2025-07-29 12:00:00 UTC,118592.38,119080.81,118450.0,118906.85,787.26429,93611116.8413865
2025-07-29 13:00:00 UTC,118906.85,119029.54,118527.01,118621.27,657.45227,77987823.2317829
2025-07-29 14:00:00 UTC,118621.27,118635.58,117701.0,117823.67,1328.2906,156504073.318502
2025-07-29 15:00:00 UTC,117823.66,117955.39,117272.0,117400.01,1400.94922,164471452.4374922
2025-07-29 16:00:00 UTC,117400.02,117758.13,116950.75,117739.03,1125.1565,132474834.908195
2025-07-29 17:00:00 UTC,117739.03,118057.05,117629.99,117773.69,512.49259,60358143.4219571
2025-07-29 18:00:00 UTC,117773.69,117824.59,117482.4,117606.72,260.60632,30649054.506470397
2025-07-29 19:00:00 UTC,117606.74,118000.0,117420.0,117525.29,542.80793,63793659.387549706
2025-07-29 20:00:00 UTC,117525.28,117871.39,117094.96,117514.28,823.80047,96808319.0957116
2025-07-29 21:00:00 UTC,117514.49,117701.1,117190.83,117606.79,470.68677,55355960.1151683
2025-07-29 22:00:00 UTC,117606.79,117860.0,117459.04,117848.03,239.80039,28260003.5547317
2025-07-29 23:00:00 UTC,117848.03,118000.0,117729.8,117950.76,202.8032,23920791.570432
2025-07-30 00:00:00 UTC,117950.75,117995.98,117538.15,117744.77,246.31499,29002301.8451023
2025-07-30 01:00:00 UTC,117744.78,118012.78,117412.53,117862.05,234.85179,27680113.4155695
2025-07-30 02:00:00 UTC,117862.05,118119.0,117796.14,118024.11,330.69294,39029739.926783405
2025-07-30 03:00:00 UTC,118024.1,118250.0,117905.61,118161.87,414.52534,48981089.3367858
2025-07-30 04:00:00 UTC,118161.86,118275.18,117963.65,117993.52,266.35002,31427576.411870398
2025-07-30 05:00:00 UTC,117993.52,118080.0,117667.33,117992.26,269.77024,31830800.2983424
2025-07-30 06:00:00 UTC,117992.26,118326.56,117992.25,118287.31,396.72321,46927321.3254651
2025-07-30 07:00:00 UTC,118287.31,118412.11,118118.0,118123.01,299.24616,35347857.1501416
2025-07-30 08:00:00 UTC,118123.0,118481.81,117939.99,118372.73,466.68398,55242656.7598654
2025-07-30 09:00:00 UTC,118372.73,118427.98,117985.98,118164.08,298.15038,35230665.354350396
2025-07-30 10:00:00 UTC,118164.08,118471.69,117928.13,118020.18,816.03502,96308599.9467036
2025-07-30 11:00:00 UTC,118020.17,118184.0,117358.84,117579.99,647.14857,76091722.38911429
2025-07-30 12:00:00 UTC,117579.99,117909.01,117358.84,117739.02,676.38941,79637426.2717782
2025-07-30 13:00:00 UTC,117739.02,117888.0,117415.62,117675.79,901.27996,106058831.30416839
2025-07-30 14:00:00 UTC,117675.78,118728.15,117610.93,118714.35,1103.46809,130997497.05009152
2025-07-30 15:00:00 UTC,118714.35,118792.0,117834.24,118000.01,1113.77866,131425893.01778659
2025-07-30 16:00:00 UTC,118000.01,118021.88,117635.3,117734.8,710.50243,83650861.495564
2025-07-30 17:00:00 UTC,117734.8,117940.0,117650.0,117802.1,591.37855,69665635.084955
2025-07-30 18:00:00 UTC,117802.11,118037.18,116509.47,116523.14,1846.61677,215173584.4170578
2025-07-30 19:00:00 UTC,116523.15,117123.8,115796.23,116916.73,2572.65277,300786149.2938421
2025-07-30 20:00:00 UTC,116916.73,117325.94,116880.64,117175.71,515.7628,60434872.281588
2025-07-30 21:00:00 UTC,117175.72,117336.34,116955.64,117326.82,214.49198,25165661.928903602
2025-07-30 22:00:00 UTC,117326.82,117497.17,117253.73,117486.49,316.24088,37154030.9857112
2025-07-30 23:00:00 UTC,117486.48,117908.4,117460.0,117840.3,337.68137,39792473.945211
2025-07-31 00:00:00 UTC,117840.29,118542.39,117781.87,118415.8,800.0686,94740763.32388
2025-07-31 01:00:00 UTC,118415.8,118456.46,117992.71,118055.32,463.81141,54755404.427201204
2025-07-31 02:00:00 UTC,118055.32,118520.32,117981.02,118447.52,585.37259,69335931.5614768
2025-07-31 03:00:00 UTC,118447.52,118600.0,118385.0,118466.14,458.32072,54295486.5804208
2025-07-31 04:00:00 UTC,118466.15,118550.0,118364.13,118511.53,359.32077,42583654.213478096
2025-07-31 05:00:00 UTC,118511.52,118540.0,118331.63,118362.0,277.83295,32884863.627899997
2025-07-31 06:00:00 UTC,118362.01,118725.59,118287.63,118691.78,552.35653,65560179.7403234
2025-07-31 07:00:00 UTC,118691.79,118922.45,118604.22,118665.97,718.45709,85256407.4882273
2025-07-31 08:00:00 UTC,118665.98,118770.07,118568.46,118593.94,310.28437,36797845.9587178
2025-07-31 09:00:00 UTC,118593.95,118617.96,118467.65,118605.58,248.44101,29466490.0868358
2025-07-31 10:00:00 UTC,118605.58,118719.42,118435.72,118505.02,285.13996,33790516.6625992
2025-07-31 11:00:00 UTC,118505.02,118560.0,118278.91,118371.25,446.34097,52833938.545112506
2025-07-31 12:00:00 UTC,118371.25,118645.1,118285.14,118626.18,435.85485,51703795.889973
2025-07-31 13:00:00 UTC,118626.19,118702.1,117807.35,118557.01,806.82751,95655057.17134508
2025-07-31 14:00:00 UTC,118557.01,118660.17,117901.68,117913.18,1043.63162,123057923.0627516
2025-07-31 15:00:00 UTC,117913.19,118351.0,117894.99,118306.18,1170.96697,138532629.1268746
2025-07-31 16:00:00 UTC,118306.18,118879.14,118242.39,118538.53,876.32003,103877688.1657559
2025-07-31 17:00:00 UTC,118538.53,118557.71,117702.42,117728.0,1032.83499,121593597.70272
2025-07-31 18:00:00 UTC,117728.0,117998.38,117400.0,117658.8,946.75341,111393870.116508
2025-07-31 19:00:00 UTC,117658.81,117762.05,116763.43,116785.79,1372.31175,160266511.8500325
2025-07-31 20:00:00 UTC,116785.78,116990.04,116450.0,116514.0,975.87757,113703399.19098
2025-07-31 21:00:00 UTC,116514.0,116909.67,116228.77,116536.96,742.76679,86559783.69555841
2025-07-31 22:00:00 UTC,116536.96,116536.97,116010.0,116010.6,834.08855,96763113.13863002
2025-07-31 23:00:00 UTC,116010.6,116362.99,115500.0,115764.08,1266.02629,146560368.7176632
2025-08-01 00:00:00 UTC,115764.07,115933.0,114313.13,115427.27,2526.88761,291671738.4191247
2025-08-01 01:00:00 UTC,115427.27,115609.99,114600.0,115331.86,1656.04021,190994197.65409058
2025-08-01 02:00:00 UTC,115328.67,116019.3,115221.07,115966.12,704.95562,81750968.0235944
2025-08-01 03:00:00 UTC,115966.11,116052.0,115613.21,115648.03,552.44227,63888860.2142281
2025-08-01 04:00:00 UTC,115648.03,115699.58,115266.64,115695.52,571.24791,66090823.99636321
2025-08-01 05:00:00 UTC,115695.53,115916.43,115385.92,115568.0,511.19199,59077435.90031999
2025-08-01 06:00:00 UTC,115568.0,115658.09,115065.55,115156.51,629.39718,72479182.6526418
2025-08-01 07:00:00 UTC,115156.52,115300.0,114633.18,115081.77,1240.67026,142778529.50716022
2025-08-01 08:00:00 UTC,115081.76,115081.76,114116.0,114615.99,1432.56065,164194357.1347935
2025-08-01 09:00:00 UTC,114615.98,115340.0,114555.41,114938.67,848.20925,97492043.0766975
2025-08-01 10:00:00 UTC,114938.66,115203.13,114710.02,114762.58,563.088,64621431.647039995
2025-08-01 11:00:00 UTC,114762.58,115336.98,114602.4,115305.65,494.67127,57038392.3236755
2025-08-01 12:00:00 UTC,115305.64,115900.0,115142.62,115732.48,1062.63539,122981429.02046719
2025-08-01 13:00:00 UTC,115732.48,116019.3,114172.0,114352.05,1584.07705,181142458.02545252
2025-08-01 14:00:00 UTC,114352.04,115831.28,113988.47,115619.8,1808.99,209155062.002
2025-08-01 15:00:00 UTC,115619.8,115645.57,114676.03,115357.82,870.26042,100391344.8834844
2025-08-01 16:00:00 UTC,115357.82,115695.52,114817.81,115015.6,703.92463,80962313.674228
2025-08-01 17:00:00 UTC,115015.6,115096.93,114345.0,114420.0,956.24887,109413995.7054
2025-08-01 18:00:00 UTC,114420.0,114496.59,113669.01,113836.93,1180.88823,134428690.7763339
2025-08-01 19:00:00 UTC,113836.92,113922.47,113221.93,113328.68,1294.41329,146694149.53015718
2025-08-01 20:00:00 UTC,113328.67,113980.0,113168.22,113951.09,957.20378,109074414.0831202
2025-08-01 21:00:00 UTC,113951.1,114094.08,113700.0,113892.12,429.29775,48893630.858729996
2025-08-01 22:00:00 UTC,113892.11,114010.82,112722.58,113141.05,1368.89305,154877997.0147025
2025-08-01 23:00:00 UTC,113141.05,113560.46,112908.54,113297.93,538.90738,61057090.615723394
2025-08-02 00:00:00 UTC,113297.92,113844.16,113198.63,113822.97,564.28406,64228487.632858194
2025-08-02 01:00:00 UTC,113822.97,113909.3,113420.76,113674.24,353.21281,40151197.7350144
2025-08-02 02:00:00 UTC,113674.23,113766.43,113534.3,113702.24,231.27114,26296046.6653536
2025-08-02 03:00:00 UTC,113702.24,113921.94,113702.24,113909.86,274.2046,31234607.597356003
2025-08-02 04:00:00 UTC,113909.87,114057.27,113820.0,114025.75,276.30204,31505547.33753
2025-08-02 05:00:00 UTC,114025.76,114063.49,113855.01,113981.06,316.01705,36019958.337073
2025-08-02 06:00:00 UTC,113981.07,113981.07,113469.43,113697.85,738.65234,83983182.955469
2025-08-02 07:00:00 UTC,113697.85,114021.0,113556.19,113982.49,343.41858,39143704.860664204
2025-08-02 08:00:00 UTC,113982.49,114040.29,113676.81,113682.01,340.52067,38711074.2121467
2025-08-02 09:00:00 UTC,113682.01,113852.0,113572.19,113690.7,257.96721,29328472.681947
2025-08-02 10:00:00 UTC,113690.71,113704.0,113425.58,113550.89,298.16298,33856671.7440522
2025-08-02 11:00:00 UTC,113550.89,113914.25,113451.77,113787.12,238.71141,27162283.855039198
2025-08-02 12:00:00 UTC,113787.11,113787.12,113564.99,113620.01,343.54746,39033865.8406746
2025-08-02 13:00:00 UTC,113620.01,113630.0,113218.0,113457.85,451.43917,51219317.6339845
2025-08-02 14:00:00 UTC,113457.86,113530.0,112939.39,113099.89,592.6822,67032291.62495799
2025-08-02 15:00:00 UTC,113099.9,113420.0,112802.31,112840.71,535.05988,60376536.7517148
2025-08-02 16:00:00 UTC,112840.7,113261.16,112700.07,113200.25,635.18022,71902559.699055
2025-08-02 17:00:00 UTC,113200.25,113420.0,112584.23,112724.03,549.02438,61888240.681851394
2025-08-02 18:00:00 UTC,112724.04,112920.0,112099.22,112327.65,1222.82947,137357560.7158455
2025-08-02 19:00:00 UTC,112327.65,112945.62,112003.0,112229.42,1007.67252,113090502.46953839
2025-08-02 20:00:00 UTC,112229.42,112780.0,112069.86,112780.0,524.00327,59097088.7906
2025-08-02 21:00:00 UTC,112780.0,113058.82,112562.02,112859.32,390.78856,44104131.14537921
2025-08-02 22:00:00 UTC,112859.32,113011.63,112555.0,112862.14,295.9162,33397735.592668
2025-08-02 23:00:00 UTC,112862.14,112873.83,112280.86,112546.35,726.46606,81761103.451881
2025-08-03 00:00:00 UTC,112546.35,112992.27,111920.0,112956.04,821.53565,92797413.742826
2025-08-03 01:00:00 UTC,112956.04,113269.92,112841.46,113107.99,481.50444,54461999.3844756
2025-08-03 02:00:00 UTC,113107.99,113517.58,113100.0,113517.58,450.43769,51132596.5095902
2025-08-03 03:00:00 UTC,113517.58,113740.69,113419.45,113604.2,353.06632,40109816.830544
2025-08-03 04:00:00 UTC,113604.2,113604.2,113341.06,113468.41,237.62179,26962566.692653902
2025-08-03 05:00:00 UTC,113468.41,113659.0,113408.22,113618.52,203.79543,23154935.1393636
2025-08-03 06:00:00 UTC,113618.52,113636.5,113472.54,113559.34,147.54012,16754558.6507208
2025-08-03 07:00:00 UTC,113559.34,113720.16,113559.34,113700.0,175.31963,19933841.930999998
2025-08-03 08:00:00 UTC,113700.0,113790.0,113551.0,113692.0,282.38474,32104885.860080004
2025-08-03 09:00:00 UTC,113692.01,113710.51,113630.3,113654.95,234.09945,26606561.2847775
2025-08-03 10:00:00 UTC,113654.95,113900.0,113654.94,113899.99,181.60816,20685167.6079184
2025-08-03 11:00:00 UTC,113899.99,114260.31,113861.18,113862.18,562.11642,64003800.99499559
2025-08-03 12:00:00 UTC,113862.19,114098.45,113656.4,114009.99,337.34488,38460686.3953512
2025-08-03 13:00:00 UTC,114010.0,114095.35,113803.0,113939.0,257.53926,29343765.74514
2025-08-03 14:00:00 UTC,113939.0,114065.54,113579.69,113792.28,320.16676,36432505.600612804
2025-08-03 15:00:00 UTC,113792.29,113966.0,113674.05,113959.06,216.51596,24673955.2765976
2025-08-03 16:00:00 UTC,113959.06,114026.82,113775.55,113995.16,246.66079,28118136.2217764
2025-08-03 17:00:00 UTC,113995.15,114165.09,113953.97,114117.42,198.95641,22704392.2016622
2025-08-03 18:00:00 UTC,114117.42,114460.15,114060.36,114380.4,361.64858,41365509.239832
2025-08-03 19:00:00 UTC,114380.41,114799.97,114259.95,114313.19,447.69931,51177936.2868989
2025-08-03 20:00:00 UTC,114313.19,114467.0,114163.49,114423.77,200.81959,22978534.577654302
2025-08-03 21:00:00 UTC,114423.77,114521.68,114363.46,114435.47,223.44858,25570443.2731326
2025-08-03 22:00:00 UTC,114435.46,114612.24,114066.56,114324.83,237.81327,27187961.6644941
2025-08-03 23:00:00 UTC,114324.84,114500.0,114176.0,114208.8,218.11723,24910907.097624
2025-08-04 00:00:00 UTC,114208.81,114914.29,114107.6,114899.87,508.31725,58405585.9437575
2025-08-04 01:00:00 UTC,114899.86,115000.0,114620.14,114671.96,423.44241,48556971.101823606
2025-08-04 02:00:00 UTC,114671.96,114877.98,114418.68,114797.9,351.22547,40319946.382512994
2025-08-04 03:00:00 UTC,114797.9,114799.0,114527.73,114570.61,242.02073,27728462.668745298
2025-08-04 04:00:00 UTC,114570.61,114653.51,114345.74,114383.55,269.38623,30813353.308516502
2025-08-04 05:00:00 UTC,114383.54,114418.75,114188.0,114391.26,265.57526,30379488.6162276
2025-08-04 06:00:00 UTC,114391.26,114482.49,114148.58,114423.76,331.16254,37892862.9979504
2025-08-04 07:00:00 UTC,114423.77,114778.5,114402.45,114652.97,355.14904,40718892.228648804
2025-08-04 08:00:00 UTC,114652.98,114750.0,114360.99,114546.25,411.15429,47096182.0909125
2025-08-04 09:00:00 UTC,114546.25,114744.2,114302.29,114325.92,278.67574,31859860.3571808
2025-08-04 10:00:00 UTC,114325.92,114506.16,114234.58,114251.83,264.56078,30226553.261227403
2025-08-04 11:00:00 UTC,114251.83,114517.55,114217.97,114493.09,234.25413,26820479.1889617
2025-08-04 12:00:00 UTC,114493.09,114535.48,114327.95,114444.36,221.8459,25389012.044124
2025-08-04 13:00:00 UTC,114444.36,114913.89,114121.0,114913.88,839.66562,96489234.2968056
2025-08-04 14:00:00 UTC,114913.89,115466.0,114652.96,114736.78,1386.32387,159062336.8809386
2025-08-04 15:00:00 UTC,114736.78,115022.97,114560.33,114826.0,437.62587,50250828.14862
2025-08-04 16:00:00 UTC,114826.01,115405.22,114826.0,115301.0,612.68493,70643185.11393
2025-08-04 17:00:00 UTC,115301.0,115720.0,115148.08,115193.41,546.48208,62951134.2990928
2025-08-04 18:00:00 UTC,115193.41,115312.76,114913.88,114957.64,298.66935,34334323.616334
2025-08-04 19:00:00 UTC,114957.63,115134.46,114732.65,114777.62,385.27982,44221500.77362839
2025-08-04 20:00:00 UTC,114777.62,115076.34,114616.33,114811.96,363.41688,41724604.2898848
2025-08-04 21:00:00 UTC,114811.95,115258.62,114810.75,115111.09,229.85173,26458483.1786857
2025-08-04 22:00:00 UTC,115111.09,115325.88,115086.72,115325.88,225.85251,26046639.4659588
2025-08-04 23:00:00 UTC,115325.88,115340.0,115046.67,115055.03,185.05673,21291707.6218519
2025-08-05 00:00:00 UTC,115055.03,115127.81,114840.0,114886.96,347.41151,39913052.25290961
2025-08-05 01:00:00 UTC,114886.97,115046.68,114695.18,114708.11,309.55292,35508230.3981812
2025-08-05 02:00:00 UTC,114708.11,114827.79,114614.94,114719.27,238.27103,27334278.6237481
2025-08-05 03:00:00 UTC,114719.27,114737.82,114256.85,114256.85,503.68849,57549860.248656504
2025-08-05 04:00:00 UTC,114256.85,114426.65,114149.95,114338.06,577.56577,66037749.66420621
2025-08-05 05:00:00 UTC,114338.07,114487.25,114239.87,114405.99,337.63342,38627285.6721858
2025-08-05 06:00:00 UTC,114406.0,114500.66,114105.71,114178.63,389.84213,44511640.319681905
2025-08-05 07:00:00 UTC,114178.64,114395.3,113725.72,113969.7,820.50191,93512356.532127
2025-08-05 08:00:00 UTC,113969.7,114540.0,113928.87,114281.09,460.31877,52605730.78305929
2025-08-05 09:00:00 UTC,114281.09,114792.72,114281.08,114694.76,482.30599,55317969.7696124
2025-08-05 10:00:00 UTC,114694.76,115096.73,114586.73,114841.27,438.67573,50378077.9513771
2025-08-05 11:00:00 UTC,114841.28,114972.0,114750.0,114827.07,212.26183,24373404.011738103
2025-08-05 12:00:00 UTC,114827.07,114893.13,113500.01,113937.35,935.92869,106637234.7275715
2025-08-05 13:00:00 UTC,113937.35,114573.17,113868.0,114381.43,634.93972,72625313.1373996
2025-08-05 14:00:00 UTC,114380.75,114386.37,112650.0,113037.12,2125.43779,240253366.5207648
2025-08-05 15:00:00 UTC,113037.12,113249.11,112692.3,112934.0,894.1622,100981313.89479999
2025-08-05 16:00:00 UTC,112934.0,113367.31,112815.68,113175.73,505.57628,57218964.559684396
2025-08-05 17:00:00 UTC,113175.73,113661.96,113096.0,113640.01,359.20465,40820020.0180465
2025-08-05 18:00:00 UTC,113640.01,113653.93,113261.79,113644.71,313.62971,35642357.440334104
2025-08-05 19:00:00 UTC,113644.72,113763.27,113407.35,113616.52,256.1101,29098338.298852
2025-08-05 20:00:00 UTC,113616.51,113989.97,113494.47,113690.71,242.46818,27566379.536607802
2025-08-05 21:00:00 UTC,113690.71,113862.45,113569.07,113606.53,183.41893,20837588.1736129
2025-08-05 22:00:00 UTC,113606.52,113989.4,113304.0,113961.25,268.24607,30569657.4447875
2025-08-05 23:00:00 UTC,113961.25,114228.88,113918.4,114129.75,205.63896,23469523.09506
2025-08-06 00:00:00 UTC,114129.75,114139.38,113748.67,113879.7,295.3476,33634096.08372
2025-08-06 01:00:00 UTC,113879.69,113945.14,113588.77,113821.21,292.50885,33293711.2427085
2025-08-06 02:00:00 UTC,113820.77,113833.88,113491.76,113623.22,206.78627,23495721.8491894
2025-08-06 03:00:00 UTC,113623.23,113658.13,113400.0,113509.97,266.89492,30295234.3623524
2025-08-06 04:00:00 UTC,113509.98,113582.71,113355.13,113429.21,248.98133,28241755.566649303
2025-08-06 05:00:00 UTC,113429.21,114417.02,113384.81,114148.01,602.70557,68797641.43141569
2025-08-06 06:00:00 UTC,114148.01,114200.0,113933.23,114084.93,265.65128,30306807.683210395
2025-08-06 07:00:00 UTC,114084.92,114300.0,114019.66,114227.91,319.69253,36517809.5445123
2025-08-06 08:00:00 UTC,114227.9,114250.0,113727.57,113948.22,382.35629,43568818.6513038
2025-08-06 09:00:00 UTC,113948.23,114368.31,113906.96,114093.15,340.97337,38902725.849415496
2025-08-06 10:00:00 UTC,114093.15,114226.69,113899.2,114067.2,335.97303,38323502.807615995
2025-08-06 11:00:00 UTC,114067.2,114404.23,114007.85,114226.69,220.99495,25243521.6452155
2025-08-06 12:00:00 UTC,114226.68,114333.59,113809.02,113914.31,306.06988,34865739.1919828
2025-08-06 13:00:00 UTC,113914.31,114390.88,113579.9,114270.09,671.195,76697513.05755
2025-08-06 14:00:00 UTC,114270.09,115200.0,113869.88,115187.96,1041.66895,119987721.345842
2025-08-06 15:00:00 UTC,115187.96,115515.09,114832.38,115413.87,1490.7463,172052799.671181
2025-08-06 16:00:00 UTC,115413.87,115477.06,114942.18,115132.49,642.38859,73959797.9142891
2025-08-06 17:00:00 UTC,115132.49,115514.28,115024.0,115500.0,392.98209,45389431.395
2025-08-06 18:00:00 UTC,115500.0,115716.0,115301.27,115423.22,479.34282,55327291.7682804
2025-08-06 19:00:00 UTC,115423.23,115525.48,115118.8,115259.99,213.24559,24578684.5709441
2025-08-06 20:00:00 UTC,115260.0,115260.0,114987.68,115045.64,210.50571,24217764.130604398
2025-08-06 21:00:00 UTC,115045.65,115221.14,114793.01,115048.78,185.66057,21360022.0726046
2025-08-06 22:00:00 UTC,115048.77,115210.95,115039.14,115106.67,165.26512,19023117.6303504
2025-08-06 23:00:00 UTC,115106.66,115122.34,114963.2,114992.27,183.21657,21068489.2859139
2025-08-07 00:00:00 UTC,114992.27,115015.82,114856.15,114890.65,163.37387,18770130.1173155
2025-08-07 01:00:00 UTC,114890.66,115185.58,114580.53,114763.46,404.60721,46434123.360546604
2025-08-07 02:00:00 UTC,114763.47,114859.0,114404.22,114565.28,452.19409,51805742.5351952
2025-08-07 03:00:00 UTC,114564.76,114624.3,114404.7,114546.03,172.73916,19786585.0035348
2025-08-07 04:00:00 UTC,114546.03,114648.0,114259.0,114349.58,270.06529,30881852.484078202
2025-08-07 05:00:00 UTC,114349.58,114568.74,114278.02,114568.73,404.27424,46317186.2485152
2025-08-07 06:00:00 UTC,114568.74,114784.0,114511.96,114650.01,387.25216,44398464.016521595
2025-08-07 07:00:00 UTC,114650.01,114876.79,114640.03,114787.99,229.36946,26328859.2807854
2025-08-07 08:00:00 UTC,114787.99,115179.99,114787.98,114948.74,302.6219,34786006.101406
2025-08-07 09:00:00 UTC,114948.74,115077.37,114844.78,115062.19,216.94309,24961947.040767103
2025-08-07 10:00:00 UTC,115062.19,116430.01,115038.06,116347.22,1912.68886,222536031.5859692
2025-08-07 11:00:00 UTC,116347.23,116828.93,116347.23,116519.53,1265.855,147496829.64815
2025-08-07 12:00:00 UTC,116519.54,116588.02,116035.84,116390.0,797.0617,92770011.263
2025-08-07 13:00:00 UTC,116390.01,116741.05,116200.0,116640.0,668.99023,78031020.4272
2025-08-07 14:00:00 UTC,116640.01,116680.0,116204.32,116363.16,793.48345,92332241.649702
2025-08-07 15:00:00 UTC,116363.16,116791.11,116240.0,116689.81,487.19639,56850854.1817859
2025-08-07 16:00:00 UTC,116689.8,116748.66,115632.31,116259.24,767.87711,89272809.22199641
2025-08-07 17:00:00 UTC,116259.24,116560.0,116120.0,116511.54,505.06396,58845779.7780984
2025-08-07 18:00:00 UTC,116511.55,116573.36,116123.72,116561.05,422.06821,49196713.7292205
2025-08-07 19:00:00 UTC,116561.05,117520.0,116488.0,117461.98,1040.61628,122232848.66903439
2025-08-07 20:00:00 UTC,117461.99,117496.05,117140.32,117182.19,510.82309,59859368.3887671
2025-08-07 21:00:00 UTC,117182.19,117354.21,117012.0,117105.78,337.78727,39556841.7274206
2025-08-07 22:00:00 UTC,117105.77,117621.0,117079.39,117554.23,676.81999,79563052.7730577
2025-08-07 23:00:00 UTC,117554.23,117579.98,117292.88,117472.01,278.79062,32750094.5005462
2025-08-08 00:00:00 UTC,117472.02,117630.0,116870.21,117264.12,806.35514,94556525.8995768
2025-08-08 01:00:00 UTC,117264.11,117264.12,116786.43,116888.02,659.33735,77068637.353547
2025-08-08 02:00:00 UTC,116888.01,116923.21,116694.28,116700.0,320.47308,37399208.436
2025-08-08 03:00:00 UTC,116700.0,116980.0,116699.6,116737.35,607.75417,70947611.2572495
2025-08-08 04:00:00 UTC,116737.34,116869.49,116666.0,116750.01,325.84463,38042363.8109463
2025-08-08 05:00:00 UTC,116750.01,116750.01,116505.0,116530.63,346.36157,40361731.9598891
2025-08-08 06:00:00 UTC,116530.64,116763.44,116401.0,116740.01,336.4827,39280993.762827
2025-08-08 07:00:00 UTC,116740.01,116973.3,116557.54,116817.19,447.58601,52285739.9715119
2025-08-08 08:00:00 UTC,116817.2,116914.6,116449.51,116620.63,335.47963,39123845.8027669
2025-08-08 09:00:00 UTC,116620.63,116726.88,116481.44,116685.17,231.14843,26971593.8497831
2025-08-08 10:00:00 UTC,116685.17,116714.46,116317.08,116544.39,331.86082,38676516.8317998
2025-08-08 11:00:00 UTC,116544.39,116899.78,116544.39,116891.51,210.49123,24604637.7164573
2025-08-08 12:00:00 UTC,116891.51,116891.52,116492.45,116500.48,293.02279,34137295.6859392
2025-08-08 13:00:00 UTC,116500.49,116945.63,116499.43,116917.97,612.94206,71663941.38281819
2025-08-08 14:00:00 UTC,116917.98,117271.73,116381.32,116491.53,725.75392,84544184.5442976
2025-08-08 15:00:00 UTC,116491.53,116538.94,115878.71,116207.69,909.09971,105644377.2787699
2025-08-08 16:00:00 UTC,116207.7,116364.82,116006.14,116193.63,344.02759,39973814.5022517
2025-08-08 17:00:00 UTC,116193.63,116708.86,116161.11,116708.86,450.81243,52613804.7791298
2025-08-08 18:00:00 UTC,116708.86,116900.0,116336.0,116497.99,571.6669,66598044.79953101
2025-08-08 19:00:00 UTC,116497.99,116716.26,116337.91,116453.41,324.29021,37764700.784116104
2025-08-08 20:00:00 UTC,116453.41,116900.0,116319.06,116888.52,248.65741,29065196.6419332
2025-08-08 21:00:00 UTC,116888.52,116979.95,116755.53,116931.44,257.90138,30156779.741387203
2025-08-08 22:00:00 UTC,116931.43,116980.0,116752.05,116888.9,210.4007,24593506.38223
2025-08-08 23:00:00 UTC,116888.9,116917.74,116657.26,116674.74,137.56292,16050117.924640799
2025-08-09 00:00:00 UTC,116674.74,116750.0,116577.72,116586.0,153.621,17910057.906
2025-08-09 01:00:00 UTC,116586.0,116650.01,116521.38,116563.26,163.11531,19013252.2895106
2025-08-09 02:00:00 UTC,116563.26,116563.26,116400.0,116404.0,173.10957,20150646.38628
2025-08-09 03:00:00 UTC,116404.0,116482.28,116299.13,116384.01,482.04648,56102502.3487848
2025-08-09 04:00:00 UTC,116384.01,116675.99,116339.45,116434.76,377.42502,43945391.6216952
2025-08-09 05:00:00 UTC,116434.77,116980.0,116418.0,116739.23,1012.58137,118207969.4461451
2025-08-09 06:00:00 UTC,116739.23,116756.24,116532.77,116650.75,388.30445,45296005.3208375
2025-08-09 07:00:00 UTC,116650.75,116902.22,116633.88,116756.01,242.70175,28336887.9500175
2025-08-09 08:00:00 UTC,116756.0,117181.0,116756.0,117106.65,373.19101,43703148.991216496
2025-08-09 09:00:00 UTC,117106.66,117510.88,117045.54,117510.87,774.92238,91061803.0562706
2025-08-09 10:00:00 UTC,117510.88,117944.05,117382.27,117424.16,867.64459,101882437.1592944
2025-08-09 11:00:00 UTC,117424.16,117471.73,117082.43,117110.0,337.61342,39537907.6162
2025-08-09 12:00:00 UTC,117110.0,117238.04,117010.0,117116.64,301.63531,35326514.0125584
2025-08-09 13:00:00 UTC,117116.65,117154.15,116878.68,116968.32,306.03785,35796733.170912
2025-08-09 14:00:00 UTC,116968.32,117000.0,116748.2,116972.87,357.09924,41770922.9776188
2025-08-09 15:00:00 UTC,116972.87,117132.75,116700.01,116892.47,417.89197,48848424.5664659
2025-08-09 16:00:00 UTC,116892.48,116947.16,116642.67,116648.51,288.56338,33660488.317563795
2025-08-09 17:00:00 UTC,116648.51,116782.46,116619.77,116670.22,252.00135,29401052.944797
2025-08-09 18:00:00 UTC,116670.22,116720.96,116555.02,116634.91,227.07359,26484707.7330269
2025-08-09 19:00:00 UTC,116634.91,116721.74,116500.0,116535.69,435.14207,50709581.3754783
2025-08-09 20:00:00 UTC,116535.68,117021.16,116504.53,116778.07,562.07841,65638431.9084687
2025-08-09 21:00:00 UTC,116778.07,116794.4,116359.89,116524.09,452.45503,52721910.6366727
2025-08-09 22:00:00 UTC,116524.09,116742.28,116500.0,116541.63,406.75315,47403675.1086345
2025-08-09 23:00:00 UTC,116541.62,116590.0,116436.15,116462.25,161.12374,18764833.288815
2025-08-10 00:00:00 UTC,116462.25,116759.08,116460.63,116749.47,289.53628,33803207.2357716
2025-08-10 01:00:00 UTC,116749.46,116776.59,116539.99,116576.42,275.18169,32079696.2697498
2025-08-10 02:00:00 UTC,116576.42,117318.0,116576.41,117317.99,579.74957,68015054.25576429
2025-08-10 03:00:00 UTC,117317.99,118500.0,117250.41,118500.0,2748.2157,325663560.45000005
2025-08-10 04:00:00 UTC,118500.0,118741.77,118380.0,118485.45,980.85579,116217139.6632555
2025-08-10 05:00:00 UTC,118485.45,118511.0,117902.62,118045.0,566.81947,66910204.336150005
2025-08-10 06:00:00 UTC,118045.0,118161.05,117743.44,118074.24,319.46299,37720349.7523776
2025-08-10 07:00:00 UTC,118074.24,118238.87,117466.34,117808.3,576.94555,67968974.438065
2025-08-10 08:00:00 UTC,117808.29,118400.0,117608.01,118308.85,375.95884,44479258.007734
2025-08-10 09:00:00 UTC,118308.86,118441.48,118110.64,118293.08,372.51661,44066137.1480588
2025-08-10 10:00:00 UTC,118293.09,118293.45,117998.9,118020.0,328.37693,38755045.2786
2025-08-10 11:00:00 UTC,118020.01,118500.0,117940.0,118330.58,429.47265,50819747.768637
2025-08-10 12:00:00 UTC,118330.58,118737.26,118232.0,118514.0,629.53171,74608321.07894
2025-08-10 13:00:00 UTC,118514.0,118683.87,118370.39,118452.0,392.64786,46509924.31272
2025-08-10 14:00:00 UTC,118451.99,118850.0,118308.02,118779.0,740.25126,87926304.41154
2025-08-10 15:00:00 UTC,118778.99,119113.94,118568.07,118815.0,1046.79677,124375158.22754999
2025-08-10 16:00:00 UTC,118815.0,118944.24,118623.14,118671.74,402.88128,47810622.5110272
2025-08-10 17:00:00 UTC,118671.75,118693.02,118453.48,118520.32,230.15923,27278545.590553604
2025-08-10 18:00:00 UTC,118520.33,118611.91,118433.8,118554.01,143.03169,16956980.406576898
2025-08-10 19:00:00 UTC,118554.01,118714.28,118462.29,118663.08,219.78592,26080474.2078336
2025-08-10 20:00:00 UTC,118663.09,118765.71,118074.99,118323.16,759.54759,89872071.01918441
2025-08-10 21:00:00 UTC,118323.0,118716.91,118092.0,118716.9,598.54997,71057996.933493
2025-08-10 22:00:00 UTC,118716.9,119084.93,118615.44,119084.92,563.5175,67106436.406100005
2025-08-10 23:00:00 UTC,119084.93,119311.11,118861.16,119294.01,752.97788,89825750.7464988
2025-08-11 00:00:00 UTC,119294.27,119500.0,119104.17,119126.35,785.72983,93601126.7340205
2025-08-11 01:00:00 UTC,119126.35,119999.0,118972.59,119988.0,1217.33398,146065469.59224
2025-08-11 02:00:00 UTC,119988.0,121894.64,119937.59,121876.0,3889.63895,474053636.6702
2025-08-11 03:00:00 UTC,121875.99,122164.07,121559.11,121728.99,1733.48981,211015963.74659193
2025-08-11 04:00:00 UTC,121729.0,122175.88,121623.14,122080.0,1318.04919,160907445.11519998
2025-08-11 05:00:00 UTC,122080.0,122335.16,121823.24,122059.34,960.5403,117242915.061402
2025-08-11 06:00:00 UTC,122059.34,122332.98,121954.79,122300.63,842.9397,103092056.362011
2025-08-11 07:00:00 UTC,122300.64,122313.0,121466.08,121537.15,1158.35871,140783616.29107648
2025-08-11 08:00:00 UTC,121537.14,121823.0,121207.34,121679.13,889.12137,108187514.7660081
2025-08-11 09:00:00 UTC,121679.13,121704.78,121080.0,121439.75,793.97438,96420050.213605
2025-08-11 10:00:00 UTC,121439.75,121455.02,120954.13,121184.84,824.81128,99954622.9969952
2025-08-11 11:00:00 UTC,121184.84,121283.29,120286.4,120561.54,1708.36029,205962547.4372466
2025-08-11 12:00:00 UTC,120561.53,120667.54,119536.75,119643.7,1739.45694,208115064.292278
2025-08-11 13:00:00 UTC,119643.7,120328.93,119382.91,120010.0,1453.53759,174439046.17589998
2025-08-11 14:00:00 UTC,120009.99,120586.54,119809.06,120243.59,1235.12815,148516242.8660585
2025-08-11 15:00:00 UTC,120243.6,120408.01,119843.18,120314.4,808.13955,97230825.07451999
2025-08-11 16:00:00 UTC,120314.4,120794.05,119920.0,119953.65,915.6277,109832884.656105
2025-08-11 17:00:00 UTC,119953.65,120150.0,119461.97,119500.0,536.23147,64079660.66499999
2025-08-11 18:00:00 UTC,119500.01,119870.2,119261.57,119773.92,530.7427,63569133.690384
2025-08-11 19:00:00 UTC,119773.92,119785.72,118604.17,119089.3,830.32085,98882328.80190499
2025-08-11 20:00:00 UTC,119089.3,119093.0,118565.69,118824.34,553.02173,65712442.0729082
2025-08-11 21:00:00 UTC,118824.33,119172.63,118050.11,118712.61,847.50979,100610099.1714519
2025-08-11 22:00:00 UTC,118712.61,118906.41,118280.71,118886.96,629.34656,74821099.3048576
2025-08-11 23:00:00 UTC,118886.97,118889.0,118588.78,118686.0,292.92347,34765914.96042
2025-08-12 00:00:00 UTC,118686.0,119021.77,118593.39,118949.31,609.75469,72529899.6447639
2025-08-12 01:00:00 UTC,118949.31,119108.06,118767.54,118977.1,413.93961,49249334.372931
2025-08-12 02:00:00 UTC,118977.09,119275.46,118834.51,119054.13,399.30726,47539178.4419838
2025-08-12 03:00:00 UTC,119054.14,119120.0,118749.06,118857.7,471.63372,56057299.201643996
2025-08-12 04:00:00 UTC,118857.7,119158.06,118804.75,119067.97,368.18781,43839375.1154457
2025-08-12 05:00:00 UTC,119067.97,119067.97,118424.86,118819.99,836.98015,99449973.0531985
2025-08-12 06:00:00 UTC,118820.0,119032.0,118607.85,118839.97,1210.70965,143880698.4847105
2025-08-12 07:00:00 UTC,118839.97,119150.0,118839.97,118986.72,719.50636,85611701.7955392
2025-08-12 08:00:00 UTC,118986.73,119058.43,118740.0,118814.7,715.27467,84985145.333649
2025-08-12 09:00:00 UTC,118814.71,118893.29,118400.01,118408.38,737.95535,87380097.505833
2025-08-12 10:00:00 UTC,118408.38,118662.9,118207.47,118449.99,569.79019,67491642.30759811
2025-08-12 11:00:00 UTC,118449.99,118662.9,118222.0,118522.22,323.35879,38325201.6473138
2025-08-12 12:00:00 UTC,118522.22,119264.66,118285.0,119264.66,1633.67826,194840082.2282916
2025-08-12 13:00:00 UTC,119264.66,119712.6,118631.69,118847.35,1772.02738,210600758.24044302
2025-08-12 14:00:00 UTC,118847.35,119437.12,118764.36,119437.12,607.50451,72558589.0614112
2025-08-12 15:00:00 UTC,119437.12,119960.0,119320.0,119933.0,900.84426,108040954.63458
2025-08-12 16:00:00 UTC,119933.0,120192.1,119525.0,119647.7,763.58705,91361434.28228499
2025-08-12 17:00:00 UTC,119647.69,119857.04,119172.62,119269.99,649.26235,77437513.9918765
2025-08-12 18:00:00 UTC,119270.0,120073.01,119267.0,119344.9,537.1305,64103785.80944999
2025-08-12 19:00:00 UTC,119345.07,119958.05,119309.08,119665.27,359.09127,42970753.7791929
2025-08-12 20:00:00 UTC,119665.27,120324.43,119485.84,120192.1,838.15928,100740123.997688
2025-08-12 21:00:00 UTC,120192.09,120202.21,119792.5,119903.36,393.93368,47233971.8491648
2025-08-12 22:00:00 UTC,119903.36,120100.0,119650.0,120099.99,428.42505,51453844.220749505
2025-08-12 23:00:00 UTC,120100.0,120299.99,119925.47,120134.08,460.06709,55269736.5954272
2025-08-13 00:00:00 UTC,120134.09,120192.1,119636.0,119713.19,515.63049,61727770.8191631
2025-08-13 01:00:00 UTC,119713.19,119716.24,119337.67,119478.47,550.66677,65792823.1594419
2025-08-13 02:00:00 UTC,119478.47,119729.99,119094.28,119549.37,638.50499,76332869.2963563
2025-08-13 03:00:00 UTC,119549.37,119630.57,119306.89,119482.01,656.1991,78403987.428191
2025-08-13 04:00:00 UTC,119482.01,119820.18,119328.12,119335.01,694.25608,82849056.2493608
2025-08-13 05:00:00 UTC,119335.01,119673.28,118920.92,119070.69,727.82442,86662555.8882498
2025-08-13 06:00:00 UTC,119070.68,119416.22,118955.99,119410.01,373.05315,44546280.3720315
2025-08-13 07:00:00 UTC,119410.01,119638.55,119290.01,119580.4,528.96933,63254364.069132
2025-08-13 08:00:00 UTC,119580.4,120044.5,119446.22,120044.49,874.74205,105007963.2738045
2025-08-13 09:00:00 UTC,120044.5,120169.76,119771.88,120116.02,675.01444,81080047.9753288
2025-08-13 10:00:00 UTC,120116.02,120496.0,120047.58,120496.0,931.34391,112223215.77936001
2025-08-13 11:00:00 UTC,120496.0,120732.94,120432.21,120570.41,732.08488,88267774.1364008
2025-08-13 12:00:00 UTC,120570.41,120686.0,120209.51,120273.72,911.18128,109591162.1399616
2025-08-13 13:00:00 UTC,120273.72,122051.99,120106.02,121767.97,2385.47998,290475054.6402406
2025-08-13 14:00:00 UTC,121767.97,122200.0,120759.37,120890.73,2480.0002,299809034.578146
2025-08-13 15:00:00 UTC,120890.74,121343.06,120309.73,120920.62,1452.01051,175578011.1157162
2025-08-13 16:00:00 UTC,120920.61,121721.3,120920.61,121421.77,704.71477,85567714.7185429
2025-08-13 17:00:00 UTC,121421.77,121887.53,121421.76,121823.24,934.90387,113893018.5319388
2025-08-13 18:00:00 UTC,121823.25,121954.51,121429.36,121639.2,891.23926,108409630.594992
2025-08-13 19:00:00 UTC,121639.19,122839.47,121524.27,122744.21,1637.04367,200937632.0096507
2025-08-13 20:00:00 UTC,122744.22,122973.0,122464.34,122904.01,839.50398,103178405.55295978
2025-08-13 21:00:00 UTC,122904.01,123000.0,122298.2,122561.16,1066.42754,130702596.35834639
2025-08-13 22:00:00 UTC,122561.17,123637.68,122561.16,122954.03,1390.69414,170991449.0103842
2025-08-13 23:00:00 UTC,122954.03,123667.79,122907.05,123306.43,618.58221,76275163.9766103
2025-08-14 00:00:00 UTC,123306.44,124474.0,123251.9,123847.83,1664.051676,206089189.08046308
2025-08-14 01:00:00 UTC,123847.82,123946.46,123337.66,123337.67,661.07211,81535093.74938369
2025-08-14 02:00:00 UTC,123337.66,123689.98,123250.5,123662.53,671.89713,83088498.99553889
2025-08-14 03:00:00 UTC,123662.53,123849.98,123295.21,123337.14,484.6554,59776010.921555996
2025-08-14 04:00:00 UTC,123337.14,123428.6,123001.46,123003.17,571.29861,70271540.04659371
2025-08-14 05:00:00 UTC,123003.17,123123.6,122080.0,122134.76,832.10482,101628922.48554319
2025-08-14 06:00:00 UTC,122134.76,122134.76,121313.86,121771.27,1465.18702,178417684.21291542
2025-08-14 07:00:00 UTC,121771.27,122047.79,121538.28,121725.31,887.06699,107978504.3485169
2025-08-14 08:00:00 UTC,121725.31,122045.9,121560.83,121637.78,956.93709,116399703.2272602
2025-08-14 09:00:00 UTC,121637.78,121918.8,121528.55,121649.84,613.30308,74608221.5535072
2025-08-14 10:00:00 UTC,121649.84,121772.9,120757.01,120933.0,1133.31236,137054863.63188
2025-08-14 11:00:00 UTC,120932.99,121031.31,120694.0,120949.67,752.73621,91043196.1965507
2025-08-14 12:00:00 UTC,120949.66,121183.06,117632.0,118866.37,5056.4661,601043770.3350569
2025-08-14 13:00:00 UTC,118866.37,119249.2,117727.73,118428.85,3271.5732,387448651.76682
2025-08-14 14:00:00 UTC,118428.86,119361.45,118008.32,118799.01,1837.14675,218251215.1247175
2025-08-14 15:00:00 UTC,118799.02,118899.64,117879.87,118257.25,1451.88156,171695520.61131
2025-08-14 16:00:00 UTC,118257.26,118257.26,117407.09,117866.42,1506.20052,177530463.09453842
2025-08-14 17:00:00 UTC,117866.42,118146.48,117500.0,117920.13,636.71884,75081968.3862492
2025-08-14 18:00:00 UTC,117920.14,118214.78,117180.0,118089.75,713.71597,84282540.4683075
2025-08-14 19:00:00 UTC,118089.75,118535.0,117920.0,117945.92,688.76991,81237600.7032672
2025-08-14 20:00:00 UTC,117945.92,118146.55,117724.37,117866.16,595.56886,70197414.5437776
2025-08-14 21:00:00 UTC,117866.16,118199.99,117302.33,117899.16,723.48169,85297883.5263804
2025-08-14 22:00:00 UTC,117899.16,118349.01,117641.4,118285.46,363.07143,42946071.11040781
2025-08-14 23:00:00 UTC,118285.47,118516.81,118239.68,118295.09,442.73026,52372815.952423394
2025-08-15 00:00:00 UTC,118295.09,118473.18,118032.94,118181.97,387.64196,45812290.4874612
2025-08-15 01:00:00 UTC,118181.98,118736.0,118032.32,118681.64,473.85001,56237296.3008164
2025-08-15 02:00:00 UTC,118681.63,118888.0,118584.2,118698.0,549.41556,65214528.14088
2025-08-15 03:00:00 UTC,118698.0,119077.71,118604.41,118968.91,472.64683,56230278.180055305
2025-08-15 04:00:00 UTC,118968.91,119199.2,118770.0,118833.03,497.50906,59120509.05225179
2025-08-15 05:00:00 UTC,118833.04,119000.0,118629.58,118984.29,360.89875,42941281.530637495
2025-08-15 06:00:00 UTC,118984.29,119216.82,118866.01,119082.82,411.99414,49061424.014674805
2025-08-15 07:00:00 UTC,119082.83,119100.0,118758.8,118956.45,462.50496,55017948.148991995
2025-08-15 08:00:00 UTC,118956.45,119144.5,118878.71,118878.72,251.38068,29883813.4711296
2025-08-15 09:00:00 UTC,118878.72,119058.94,118600.0,118707.99,299.88114,35598287.368308604
2025-08-15 10:00:00 UTC,118708.0,119026.53,118708.0,118879.83,283.78706,33736557.4489998
2025-08-15 11:00:00 UTC,118879.82,119121.31,118879.82,119006.01,294.77719,35080257.2209119
2025-08-15 12:00:00 UTC,119006.01,119130.77,118510.0,118648.66,647.85118,76866674.3864188
2025-08-15 13:00:00 UTC,118648.66,118738.0,117743.21,117770.48,1302.10489,153349517.9056472
2025-08-15 14:00:00 UTC,117770.47,118274.0,117260.0,117400.0,1176.80402,138156791.948
2025-08-15 15:00:00 UTC,117400.0,117588.68,116827.29,117275.22,2002.13351,234800647.8546222
2025-08-15 16:00:00 UTC,117275.23,117418.49,116803.99,117353.36,756.28175,88752204.46918
2025-08-15 17:00:00 UTC,117353.36,117882.35,117000.0,117586.92,862.91559,101467586.44808279
2025-08-15 18:00:00 UTC,117586.92,117662.41,117028.98,117159.66,333.40859,39062037.0454794
2025-08-15 19:00:00 UTC,117159.65,117412.82,116866.0,116936.27,440.85496,51551934.6333992
2025-08-15 20:00:00 UTC,116936.28,117323.47,116862.5,117280.0,248.37175,29129038.84
2025-08-15 21:00:00 UTC,117280.01,117350.0,117000.0,117320.02,268.99006,31557919.219001204
2025-08-15 22:00:00 UTC,117320.01,117738.57,117302.65,117702.0,374.66043,44098281.93186
2025-08-15 23:00:00 UTC,117701.99,117761.88,117036.53,117342.05,462.67467,54291194.260873504
2025-08-16 00:00:00 UTC,117342.04,117781.99,117231.14,117735.21,546.22017,64309346.42118571
2025-08-16 01:00:00 UTC,117735.2,117898.99,117626.31,117821.6,349.62497,41193373.365352005
2025-08-16 02:00:00 UTC,117821.61,117821.61,117440.74,117505.51,307.50607,36133657.5834457
2025-08-16 03:00:00 UTC,117505.52,117657.97,117389.56,117429.63,217.17429,25502696.520212702
2025-08-16 04:00:00 UTC,117429.63,117884.0,117419.44,117815.66,222.51215,26215415.810269
2025-08-16 05:00:00 UTC,117815.66,117852.25,117522.7,117595.78,201.54892,23701302.4555576
2025-08-16 06:00:00 UTC,117595.78,117635.42,117278.0,117394.65,260.53589,30585519.6189885
2025-08-16 07:00:00 UTC,117394.64,117674.77,117344.69,117596.07,240.659,28300552.61013
2025-08-16 08:00:00 UTC,117596.07,117677.06,117501.16,117631.09,185.0877,21772067.896593
2025-08-16 09:00:00 UTC,117631.09,117703.92,117306.0,117312.0,303.36694,35588582.46528
2025-08-16 10:00:00 UTC,117312.0,117447.05,117143.98,117388.0,524.83945,61609853.35660001
2025-08-16 11:00:00 UTC,117387.99,117540.0,117350.12,117378.52,192.74721,22624382.2439292
2025-08-16 12:00:00 UTC,117378.52,117747.36,117327.63,117747.36,348.10374,40988296.3911264
2025-08-16 13:00:00 UTC,117747.35,117799.99,117582.29,117623.52,365.37584,42976792.4237568
2025-08-16 14:00:00 UTC,117623.53,117771.4,117550.0,117771.39,253.05868,29803072.495165203
2025-08-16 15:00:00 UTC,117771.4,117825.0,117621.1,117676.7,224.96201,26472786.962167
2025-08-16 16:00:00 UTC,117676.7,117817.65,117676.7,117747.65,389.81984,45900370.083376
2025-08-16 17:00:00 UTC,117747.64,117747.65,117651.72,117693.0,181.46105,21356695.35765
2025-08-16 18:00:00 UTC,117692.99,117757.06,117629.94,117685.79,112.36973,13224320.4471367
2025-08-16 19:00:00 UTC,117685.78,117771.4,117652.92,117672.12,133.77621,15741730.2362652
2025-08-16 20:00:00 UTC,117672.13,117713.51,117522.01,117655.41,155.93762,18346904.615524203
2025-08-16 21:00:00 UTC,117655.41,117655.42,117433.33,117452.21,152.99321,17969390.6294941
2025-08-16 22:00:00 UTC,117452.21,117552.0,117219.34,117460.56,325.20777,38199086.780551195
2025-08-16 23:00:00 UTC,117460.57,117475.07,117278.23,117380.66,198.79271,23334419.5029886
2025-08-17 00:00:00 UTC,117380.66,117419.45,117255.18,117255.19,159.66726,18721814.9080794
2025-08-17 01:00:00 UTC,117255.18,117491.44,117172.21,117439.97,244.13312,28670986.288806397
2025-08-17 02:00:00 UTC,117439.97,117624.55,117381.39,117606.0,157.36164,18506673.03384
2025-08-17 03:00:00 UTC,117606.0,117771.37,117505.93,117684.95,209.36889,24639567.351205498
2025-08-17 04:00:00 UTC,117684.96,118187.28,117684.95,118076.11,372.88806,44029171.5902466
2025-08-17 05:00:00 UTC,118076.12,118230.82,118000.0,118000.01,296.61443,35000505.7061443
2025-08-17 06:00:00 UTC,118000.0,118118.0,117905.37,117923.99,232.28871,27392411.5151529
2025-08-17 07:00:00 UTC,117924.0,118030.15,117843.74,118005.98,207.89215,24532516.895056996
2025-08-17 08:00:00 UTC,118005.98,118399.99,117922.0,118366.06,337.81576,39985920.5171056
2025-08-17 09:00:00 UTC,118366.05,118484.0,118235.0,118345.99,330.30362,39090108.909483805
2025-08-17 10:00:00 UTC,118345.99,118393.35,118190.0,118393.34,170.26339,20158051.421822596
2025-08-17 11:00:00 UTC,118393.34,118393.35,118270.8,118308.01,169.29272,20028684.8106872
2025-08-17 12:00:00 UTC,118308.0,118356.62,118134.51,118162.6,183.56593,21690627.560218003
2025-08-17 13:00:00 UTC,118162.61,118575.0,118059.12,118429.99,396.26094,46929179.161590606
2025-08-17 14:00:00 UTC,118429.99,118473.66,118150.0,118150.01,189.61777,22403341.4216777
2025-08-17 15:00:00 UTC,118150.01,118263.9,118137.25,118246.16,204.82807,24220132.7377112
2025-08-17 16:00:00 UTC,118246.15,118316.01,117700.7,117834.56,488.38516,57548650.4391296
2025-08-17 17:00:00 UTC,117834.55,117934.82,117645.04,117900.0,212.98829,25111319.391
2025-08-17 18:00:00 UTC,117900.01,117947.98,117321.53,117542.01,360.32583,42353422.3131183
2025-08-17 19:00:00 UTC,117542.01,117749.12,117468.0,117570.07,264.4763,31094497.104341
2025-08-17 20:00:00 UTC,117570.07,117749.32,117508.49,117599.44,141.19933,16604962.1363752
2025-08-17 21:00:00 UTC,117599.44,117781.38,117599.43,117700.0,104.468,12295883.6
2025-08-17 22:00:00 UTC,117700.01,117995.37,117688.5,117954.99,232.19191,27388194.4221309
2025-08-17 23:00:00 UTC,117955.0,117978.42,117371.65,117405.01,232.44464,27290165.283646397
2025-08-18 00:00:00 UTC,117405.01,117543.75,117020.0,117290.19,640.08542,75075740.5280298
2025-08-18 01:00:00 UTC,117290.2,117409.87,116166.03,116269.54,1892.28591,220015212.3041814
2025-08-18 02:00:00 UTC,116269.53,116339.61,115292.67,115453.24,2015.07156,232646540.43385443
2025-08-18 03:00:00 UTC,115452.0,115636.89,115000.0,115319.0,1253.98009,144607729.99871
2025-08-18 04:00:00 UTC,115319.0,115533.89,115079.91,115469.51,597.83019,69031159.1025069
2025-08-18 05:00:00 UTC,115469.52,115688.0,115000.0,115687.99,763.17629,88290331.00575711
2025-08-18 06:00:00 UTC,115687.99,115712.49,114878.71,115245.56,1274.28433,146855611.21007478
2025-08-18 07:00:00 UTC,115245.56,115477.2,115186.56,115205.98,798.13334,91949733.60537319
2025-08-18 08:00:00 UTC,115205.99,115402.51,115068.58,115135.43,582.2051,67032434.536693
2025-08-18 09:00:00 UTC,115135.43,115135.44,114640.14,115038.46,1245.97423,143334956.61888582
2025-08-18 10:00:00 UTC,115038.46,115261.69,114985.0,115058.58,567.82403,65333026.5816774
2025-08-18 11:00:00 UTC,115058.58,115127.54,114860.62,114947.27,397.98648,45747459.3729096
2025-08-18 12:00:00 UTC,114947.27,115520.0,114902.94,115519.99,477.46603,55156871.0109397
2025-08-18 13:00:00 UTC,115520.0,115736.54,114825.0,114839.13,824.85948,94726145.0554524
2025-08-18 14:00:00 UTC,114839.14,115633.73,114839.14,115633.73,673.6191,77893089.13224299
2025-08-18 15:00:00 UTC,115633.72,116186.97,115402.0,116145.34,796.23484,92478966.21164559
2025-08-18 16:00:00 UTC,116145.34,116350.0,115818.86,115962.24,496.59282,57586015.7751168
2025-08-18 17:00:00 UTC,115962.24,116800.0,115962.23,116428.99,713.09082,83024443.95087181
2025-08-18 18:00:00 UTC,116428.98,116579.16,116238.71,116481.81,239.93978,27948619.8654018
2025-08-18 19:00:00 UTC,116481.8,116639.35,116204.0,116313.99,281.74931,32771386.4258469
2025-08-18 20:00:00 UTC,116314.0,116529.5,115980.32,116407.99,349.12342,40640755.5841258
2025-08-18 21:00:00 UTC,116407.99,116675.67,116403.76,116648.99,230.40574,26876596.8612026
2025-08-18 22:00:00 UTC,116649.0,116980.0,116394.12,116399.99,316.21157,36807023.5858843
2025-08-18 23:00:00 UTC,116400.0,116564.38,116089.0,116227.05,317.80966,36938079.243303
2025-08-19 00:00:00 UTC,116227.05,116563.55,115516.82,116563.13,597.52684,69649598.7294092
2025-08-19 01:00:00 UTC,116563.12,116725.69,115710.03,115798.0,461.06933,53390906.27534
2025-08-19 02:00:00 UTC,115798.0,116051.0,115635.63,115747.08,344.75966,39904923.9467928
2025-08-19 03:00:00 UTC,115747.09,115771.98,114787.23,114810.0,987.54165,113379656.8365
2025-08-19 04:00:00 UTC,114810.01,115372.55,114366.0,115305.99,973.09499,112203681.18599011
2025-08-19 05:00:00 UTC,115306.0,115483.24,114944.16,114972.9,406.89708,46782137.289132
2025-08-19 06:00:00 UTC,114972.9,115219.99,114914.26,115019.99,394.62483,45389744.0003517
2025-08-19 07:00:00 UTC,115019.99,115056.0,114600.74,114978.14,724.50631,83302387.94206339
2025-08-19 08:00:00 UTC,114978.15,115300.0,114804.0,115186.48,489.77403,56415346.511114396
2025-08-19 09:00:00 UTC,115186.47,115488.27,115185.92,115322.7,443.60844,51158123.043588
2025-08-19 10:00:00 UTC,115322.69,115577.6,115317.92,115400.0,241.6168,27882578.720000003
2025-08-19 11:00:00 UTC,115400.0,115650.0,115400.0,115508.71,296.0435,34195602.788885005
2025-08-19 12:00:00 UTC,115508.71,115617.84,115282.7,115599.99,338.93222,39180561.2426778
2025-08-19 13:00:00 UTC,115600.0,115875.84,114869.6,115192.0,928.5804,106965033.4368
2025-08-19 14:00:00 UTC,115192.0,115378.82,113770.34,113882.66,2263.58751,257783366.7815766
2025-08-19 15:00:00 UTC,113882.66,114177.58,113587.68,113786.38,1763.36303,200646695.80953142
2025-08-19 16:00:00 UTC,113786.39,113897.58,113346.28,113388.3,959.63398,108811265.614434
2025-08-19 17:00:00 UTC,113388.31,113596.07,113107.07,113520.11,1084.66267,123131025.61129369
2025-08-19 18:00:00 UTC,113520.11,113520.11,112837.11,113069.61,889.38987,100562965.7388507
2025-08-19 19:00:00 UTC,113069.61,113552.03,112767.06,113132.48,850.664,96237727.96672
2025-08-19 20:00:00 UTC,113132.49,113570.44,112927.82,113570.44,496.52563,56390634.2703772
2025-08-19 21:00:00 UTC,113570.44,113589.48,113413.14,113419.11,316.99786,35953615.1531046
2025-08-19 22:00:00 UTC,113419.1,113440.43,113060.0,113174.42,1090.07931,123369093.66325021
2025-08-19 23:00:00 UTC,113174.42,113201.26,112732.58,112872.94,721.9943,81493619.304242
2025-08-20 00:00:00 UTC,112872.95,113320.0,112843.14,113215.5,605.5856,68561676.4968
2025-08-20 01:00:00 UTC,113215.49,113413.23,112566.01,112996.93,1004.04056,113453500.8754808
2025-08-20 02:00:00 UTC,112996.93,113500.0,112944.68,113438.29,915.27403,103827120.8446087
2025-08-20 03:00:00 UTC,113438.29,113636.13,113319.45,113525.91,591.80557,67185265.8773187
2025-08-20 04:00:00 UTC,113525.9,113700.0,113460.29,113633.47,351.01236,39886752.4796892
2025-08-20 05:00:00 UTC,113633.47,113767.44,113464.02,113708.0,305.42814,34729622.943119995
2025-08-20 06:00:00 UTC,113707.99,113734.23,113500.0,113653.28,284.56575,32341830.86316
2025-08-20 07:00:00 UTC,113653.28,113837.93,113432.0,113490.13,426.40857,48393164.0424141
2025-08-20 08:00:00 UTC,113490.14,114016.77,113401.0,114010.0,1021.52601,116464180.40010001
2025-08-20 09:00:00 UTC,114010.0,114010.01,113628.65,113699.98,464.52912,52816951.653417595
2025-08-20 10:00:00 UTC,113699.98,113869.5,113587.68,113792.2,310.8205,35368948.500099994
2025-08-20 11:00:00 UTC,113792.19,113859.26,113060.08,113666.68,555.63081,63156709.478410795
2025-08-20 12:00:00 UTC,113666.69,113944.0,113512.88,113659.01,643.44169,73132945.4781269
2025-08-20 13:00:00 UTC,113659.01,113659.01,112600.0,112693.15,1099.37126,123891610.30886897
2025-08-20 14:00:00 UTC,112693.14,113854.34,112380.0,113465.84,1578.65617,179123548.4002328
2025-08-20 15:00:00 UTC,113465.84,114326.35,113229.43,113353.94,1283.96286,145542248.99466842
2025-08-20 16:00:00 UTC,113353.94,114309.16,113278.49,113839.99,769.22274,87568309.0293726
2025-08-20 17:00:00 UTC,113839.99,114444.0,113781.16,114197.53,577.51878,65951218.204613395
2025-08-20 18:00:00 UTC,114197.54,114269.63,113264.01,113490.01,676.25877,76748614.5698877
2025-08-20 19:00:00 UTC,113490.0,114337.31,113472.38,114276.66,601.00585,68680941.178461
2025-08-20 20:00:00 UTC,114276.66,114375.27,114000.0,114370.0,384.69129,43997142.837299995
2025-08-20 21:00:00 UTC,114370.0,114476.13,114000.0,114356.24,372.36928,42582750.7523072
2025-08-20 22:00:00 UTC,114356.24,114615.38,114206.89,114595.19,498.00131,57068554.7396989
2025-08-20 23:00:00 UTC,114595.19,114608.77,114220.0,114271.24,315.21492,36019999.7749008
2025-08-21 00:00:00 UTC,114271.23,114493.1,114010.87,114292.14,429.62667,49102951.515373796
2025-08-21 01:00:00 UTC,114292.14,114736.0,113954.13,114729.94,432.98345,49676165.239493005
2025-08-21 02:00:00 UTC,114729.93,114821.76,113906.01,114038.0,447.89489,51077037.46582
2025-08-21 03:00:00 UTC,114038.0,114531.29,113954.61,113954.62,316.2228,36035049.009336
2025-08-21 04:00:00 UTC,113954.62,114033.84,113800.0,113800.0,293.43085,33392430.730000004
2025-08-21 05:00:00 UTC,113800.01,114010.83,113637.0,113995.12,344.63705,39286941.871195994
2025-08-21 06:00:00 UTC,113995.12,113995.12,113609.88,113807.2,443.88446,50517247.516112
2025-08-21 07:00:00 UTC,113807.2,113944.74,113582.43,113896.03,530.41085,60411690.0839255
2025-08-21 08:00:00 UTC,113896.03,113990.0,113588.45,113588.45,336.76542,38252662.071399
2025-08-21 09:00:00 UTC,113588.46,113616.58,113300.0,113376.85,413.40552,46870615.630212
2025-08-21 10:00:00 UTC,113376.85,113479.97,113230.0,113329.74,331.35097,37551919.278847806
2025-08-21 11:00:00 UTC,113329.74,113542.47,113000.0,113148.66,428.12915,48442239.629439
2025-08-21 12:00:00 UTC,113148.65,113416.69,112950.0,113095.29,386.2075,43678249.212675
2025-08-21 13:00:00 UTC,113095.3,113713.56,113055.93,113486.98,624.69624,70894889.6949552
2025-08-21 14:00:00 UTC,113486.98,113995.11,112913.39,113281.99,580.15894,65721559.239490606
2025-08-21 15:00:00 UTC,113282.0,113386.31,112608.64,112792.08,930.0476,104902003.303008
2025-08-21 16:00:00 UTC,112792.08,112969.47,112333.33,112379.58,780.22707,87681590.4312306
2025-08-21 17:00:00 UTC,112379.58,112596.9,112201.0,112410.91,737.11033,82859242.9657003
2025-08-21 18:00:00 UTC,112410.92,112682.2,112224.67,112602.62,382.38194,43057208.284682795
2025-08-21 19:00:00 UTC,112602.62,112724.74,112015.67,112193.71,569.08483,63847738.3824193
2025-08-21 20:00:00 UTC,112193.71,112870.94,112067.46,112450.3,336.45252,37834186.809756
2025-08-21 21:00:00 UTC,112450.31,112734.51,112100.0,112628.76,337.37667,37998315.995029196
2025-08-21 22:00:00 UTC,112628.75,112712.7,112425.35,112511.2,200.73506,22584942.482672
2025-08-21 23:00:00 UTC,112511.19,112511.2,112272.04,112500.0,226.47157,25478051.625
2025-08-22 00:00:00 UTC,112500.0,112840.0,112489.42,112630.87,267.79499,30161982.705341298
2025-08-22 01:00:00 UTC,112630.88,112924.37,112335.6,112840.08,331.54981,37412107.0843848
2025-08-22 02:00:00 UTC,112840.08,113525.0,112784.68,113153.96,716.89343,81119330.5024828
2025-08-22 03:00:00 UTC,113153.96,113441.45,112882.9,112929.24,293.95702,33196342.861264803
2025-08-22 04:00:00 UTC,112929.24,113256.03,112708.81,112847.63,270.33795,30506996.9565585
2025-08-22 05:00:00 UTC,112847.62,113285.59,112844.56,113241.99,333.83128,37803718.4714472
2025-08-22 06:00:00 UTC,113241.98,113394.76,112844.0,112998.3,426.59054,48204005.816082
2025-08-22 07:00:00 UTC,112998.3,113250.0,112950.0,113094.83,625.49743,70740525.5112869
2025-08-22 08:00:00 UTC,113094.83,113319.3,112950.0,112980.34,448.78194,50703536.1670596
2025-08-22 09:00:00 UTC,112980.34,113128.0,112815.55,113049.67,517.13631,58462089.190517694
2025-08-22 10:00:00 UTC,113049.67,113060.0,112512.74,112534.54,455.48522,51257819.7094988
2025-08-22 11:00:00 UTC,112534.54,112629.4,112177.27,112320.0,511.03227,57399144.5664
2025-08-22 12:00:00 UTC,112320.01,112713.93,111684.79,112341.5,1660.5893,186553092.84595
2025-08-22 13:00:00 UTC,112341.5,112662.27,111932.28,112487.11,1042.30053,117245374.3711683
2025-08-22 14:00:00 UTC,112487.1,116116.11,112468.35,115808.23,6271.74223,726319366.6725528
2025-08-22 15:00:00 UTC,115808.24,117296.12,115808.23,116370.75,2530.62921,294491219.1396075
2025-08-22 16:00:00 UTC,116370.75,116783.22,116116.0,116146.47,1756.6795,204032122.846365
2025-08-22 17:00:00 UTC,116146.48,117032.84,116146.48,117024.0,1300.14206,152147824.42944
2025-08-22 18:00:00 UTC,117024.01,117429.05,116750.0,116805.27,721.60524,84287294.8916148
2025-08-22 19:00:00 UTC,116805.27,116914.3,116520.0,116655.79,529.51964,61771531.92471559
2025-08-22 20:00:00 UTC,116655.79,117127.44,116570.17,117052.65,545.695,63875045.84175
2025-08-22 21:00:00 UTC,117052.65,117174.43,116829.34,117028.27,678.08593,79355223.2992411
2025-08-22 22:00:00 UTC,117028.27,117057.14,116550.96,116757.18,585.72702,68387835.1050036
2025-08-22 23:00:00 UTC,116757.18,116937.56,116674.51,116935.99,306.48652,35839304.6378548
2025-08-23 00:00:00 UTC,116936.0,117030.0,116726.64,116870.22,351.38045,41065910.495199
2025-08-23 01:00:00 UTC,116870.22,116882.16,116300.0,116453.59,596.49295,69463745.43719049
2025-08-23 02:00:00 UTC,116453.59,116547.95,115500.0,115927.98,1195.36796,138576592.9595208
2025-08-23 03:00:00 UTC,115927.98,116044.55,115458.2,115568.77,504.34283,58286280.5214191
2025-08-23 04:00:00 UTC,115568.77,115980.0,115551.2,115926.77,535.76766,62109814.2942582
2025-08-23 05:00:00 UTC,115926.77,116034.53,115800.01,115954.51,806.27196,93490870.0485396
2025-08-23 06:00:00 UTC,115954.51,116015.69,115690.83,115781.16,462.86069,53590547.6066004
2025-08-23 07:00:00 UTC,115781.16,115928.0,115669.76,115799.47,453.28331,52489967.0578457
2025-08-23 08:00:00 UTC,115799.46,115861.8,115607.46,115746.12,341.58386,39537006.4496232
2025-08-23 09:00:00 UTC,115746.12,115782.03,115605.27,115765.82,288.64099,33414760.8929618
2025-08-23 10:00:00 UTC,115765.81,115780.59,115575.72,115575.72,312.57302,36125851.839074396
2025-08-23 11:00:00 UTC,115575.73,115616.63,115223.43,115310.13,371.09604,42791132.6148852
2025-08-23 12:00:00 UTC,115310.13,115486.97,115175.48,115213.6,445.4785,51325181.707600005
2025-08-23 13:00:00 UTC,115213.6,115213.6,114735.57,114864.92,981.86665,112782034.20291801
2025-08-23 14:00:00 UTC,114864.92,115081.59,114620.0,114621.47,1000.43667,114671521.7573049
2025-08-23 15:00:00 UTC,114621.48,114966.87,114560.0,114812.87,599.77984,68862444.7985408
2025-08-23 16:00:00 UTC,114812.88,115097.92,114684.11,115020.0,448.76533,51616988.2566
2025-08-23 17:00:00 UTC,115020.0,115167.78,114947.46,115087.97,327.26623,37664406.0602531
2025-08-23 18:00:00 UTC,115087.97,115190.74,115035.11,115145.77,178.18512,20517262.844942402
2025-08-23 19:00:00 UTC,115145.77,115173.86,115051.32,115133.91,151.33399,17423673.9846009
2025-08-23 20:00:00 UTC,115133.92,115325.82,115108.23,115325.81,181.19976,20897009.0938056
2025-08-23 21:00:00 UTC,115325.81,115325.82,115001.88,115028.0,194.43314,22365255.22792
2025-08-23 22:00:00 UTC,115028.01,115317.86,115028.0,115317.85,117.57565,13558571.1703525
2025-08-23 23:00:00 UTC,115317.86,115454.12,115244.7,115438.05,483.37937,55800371.8830285
2025-08-24 00:00:00 UTC,115438.06,115549.44,115315.33,115375.35,457.40004,52772689.705014
2025-08-24 01:00:00 UTC,115375.36,115584.09,115196.0,115473.99,655.8074,75728697.149526
2025-08-24 02:00:00 UTC,115473.99,115666.68,115000.0,115005.15,401.41002,46164219.561602995
2025-08-24 03:00:00 UTC,115005.15,115161.24,114934.21,115036.0,481.30687,55367617.09732
2025-08-24 04:00:00 UTC,115036.01,115283.21,115036.0,115174.3,345.39663,39780815.082609005
2025-08-24 05:00:00 UTC,115174.3,115206.55,114930.65,114996.01,697.85001,80249966.7284601
2025-08-24 06:00:00 UTC,114996.01,115062.77,114846.14,114862.4,395.26293,45400848.770831995
2025-08-24 07:00:00 UTC,114862.4,115124.86,114855.64,114888.19,277.17773,31844447.7080087
2025-08-24 08:00:00 UTC,114888.19,114979.55,114750.01,114838.02,947.55224,108815023.0881648
2025-08-24 09:00:00 UTC,114838.02,115060.99,114668.0,114841.17,438.90856,50404772.5534152
2025-08-24 10:00:00 UTC,114841.16,114956.66,114600.0,114790.4,479.49962,55041953.179648
2025-08-24 11:00:00 UTC,114790.4,114889.91,114620.13,114730.22,357.51883,41018214.0200426
2025-08-24 12:00:00 UTC,114730.22,114846.4,114597.55,114673.81,358.78753,41143533.0455893
2025-08-24 13:00:00 UTC,114673.8,114869.41,114555.0,114555.0,620.84833,71121280.44315
2025-08-24 14:00:00 UTC,114555.0,114657.0,114350.57,114514.05,816.73334,93527442.533427
2025-08-24 15:00:00 UTC,114514.05,114865.32,114449.91,114671.55,205.37895,23551122.5338725
